-- MySQL dump 10.13  Distrib 8.0.23, for Linux (x86_64)
--
-- Host: localhost    Database: vk
-- ------------------------------------------------------
-- Server version	8.0.23-0ubuntu0.20.04.1

/*!40101 SET @OLD_CHARACTER_SET_CLIENT=@@CHARACTER_SET_CLIENT */;
/*!40101 SET @OLD_CHARACTER_SET_RESULTS=@@CHARACTER_SET_RESULTS */;
/*!40101 SET @OLD_COLLATION_CONNECTION=@@COLLATION_CONNECTION */;
/*!50503 SET NAMES utf8mb4 */;
/*!40103 SET @OLD_TIME_ZONE=@@TIME_ZONE */;
/*!40103 SET TIME_ZONE='+00:00' */;
/*!40014 SET @OLD_UNIQUE_CHECKS=@@UNIQUE_CHECKS, UNIQUE_CHECKS=0 */;
/*!40014 SET @OLD_FOREIGN_KEY_CHECKS=@@FOREIGN_KEY_CHECKS, FOREIGN_KEY_CHECKS=0 */;
/*!40101 SET @OLD_SQL_MODE=@@SQL_MODE, SQL_MODE='NO_AUTO_VALUE_ON_ZERO' */;
/*!40111 SET @OLD_SQL_NOTES=@@SQL_NOTES, SQL_NOTES=0 */;

--
-- Table structure for table `communities`
--

DROP TABLE IF EXISTS `communities`;
/*!40101 SET @saved_cs_client     = @@character_set_client */;
/*!50503 SET character_set_client = utf8mb4 */;
CREATE TABLE `communities` (
  `id` int unsigned NOT NULL AUTO_INCREMENT COMMENT 'Идентификатор сроки',
  `name` varchar(150) CHARACTER SET utf8mb4 COLLATE utf8mb4_unicode_ci NOT NULL COMMENT 'Название группы',
  `created_at` datetime DEFAULT CURRENT_TIMESTAMP COMMENT 'Время создания строки',
  `updated_at` datetime DEFAULT CURRENT_TIMESTAMP ON UPDATE CURRENT_TIMESTAMP COMMENT 'Время обновления строки',
  PRIMARY KEY (`id`),
  UNIQUE KEY `name` (`name`)
) ENGINE=InnoDB AUTO_INCREMENT=101 DEFAULT CHARSET=utf8mb4 COLLATE=utf8mb4_unicode_ci COMMENT='Группы';
/*!40101 SET character_set_client = @saved_cs_client */;

--
-- Dumping data for table `communities`
--

LOCK TABLES `communities` WRITE;
/*!40000 ALTER TABLE `communities` DISABLE KEYS */;
INSERT INTO `communities` VALUES (1,'mollitia','2016-05-06 08:29:03','1998-12-09 10:49:35'),(2,'dolor','2008-07-26 06:29:11','1978-03-10 19:29:32'),(3,'et','1991-07-21 10:46:10','2012-08-26 14:02:50'),(4,'nostrum','1984-08-30 20:03:11','1979-05-29 02:03:11'),(5,'sunt','1985-02-01 18:20:10','1988-05-21 00:08:37'),(6,'ut','1994-10-15 02:46:18','1979-06-20 16:03:29'),(7,'nihil','1979-02-07 20:39:28','2003-01-24 22:09:25'),(8,'quo','2003-06-27 18:32:28','2006-10-07 12:31:16'),(9,'debitis','1990-11-20 09:21:35','1983-08-05 18:20:54'),(10,'rerum','1978-07-06 22:04:22','1990-08-19 19:32:17'),(11,'ea','1974-01-22 12:43:04','1971-06-10 18:16:29'),(12,'doloribus','2014-06-01 01:51:56','2013-11-30 11:55:20'),(13,'praesentium','1990-06-03 08:16:40','1993-11-23 05:03:48'),(14,'est','1988-07-06 13:24:12','1972-10-18 04:52:49'),(15,'maiores','2011-11-21 10:51:05','2001-07-13 11:22:53'),(16,'sequi','1998-07-06 11:24:03','2007-09-07 05:25:04'),(17,'molestiae','2001-08-18 04:36:31','2001-12-24 13:15:00'),(18,'illum','1992-12-02 07:00:32','2008-06-20 20:18:50'),(19,'accusantium','2005-06-14 01:43:39','1975-08-16 09:31:26'),(20,'odit','1986-02-21 13:04:36','2007-03-18 12:16:31'),(21,'facere','1993-02-03 20:05:26','1993-08-16 16:59:24'),(22,'nobis','2015-07-27 03:32:07','2001-01-14 10:44:01'),(23,'aut','1984-09-20 21:04:33','1986-12-30 20:29:33'),(24,'quia','2013-07-29 02:00:02','1973-06-29 02:49:03'),(25,'sit','2002-12-05 03:07:05','1994-02-15 18:21:10'),(26,'autem','1997-12-13 21:52:13','2017-04-07 17:01:23'),(27,'earum','2005-08-25 09:03:22','2006-10-12 19:04:43'),(28,'sint','1990-05-10 21:20:00','1990-09-14 14:52:59'),(29,'atque','1993-08-18 20:19:43','2004-07-14 11:20:12'),(30,'ipsa','1995-11-30 17:02:09','1986-06-23 14:12:23');
/*!40000 ALTER TABLE `communities` ENABLE KEYS */;
UNLOCK TABLES;

--
-- Table structure for table `communities_users`
--

DROP TABLE IF EXISTS `communities_users`;
/*!40101 SET @saved_cs_client     = @@character_set_client */;
/*!50503 SET character_set_client = utf8mb4 */;
CREATE TABLE `communities_users` (
  `community_id` int unsigned NOT NULL COMMENT 'Ссылка на группу',
  `user_id` int unsigned NOT NULL COMMENT 'Ссылка на пользователя',
  `created_at` datetime DEFAULT CURRENT_TIMESTAMP COMMENT 'Время создания строки',
  PRIMARY KEY (`community_id`,`user_id`) COMMENT 'Составной первичный ключ',
  KEY `FK_communities_users_users` (`user_id`),
  CONSTRAINT `FK_communities_users_commumity_id` FOREIGN KEY (`community_id`) REFERENCES `communities` (`id`),
  CONSTRAINT `FK_communities_users_users` FOREIGN KEY (`user_id`) REFERENCES `users` (`id`)
) ENGINE=InnoDB DEFAULT CHARSET=utf8mb4 COLLATE=utf8mb4_unicode_ci COMMENT='Участники групп, связь между пользователями и группами';
/*!40101 SET character_set_client = @saved_cs_client */;

--
-- Dumping data for table `communities_users`
--

LOCK TABLES `communities_users` WRITE;
/*!40000 ALTER TABLE `communities_users` DISABLE KEYS */;
INSERT INTO `communities_users` VALUES (1,59,'2015-10-08 23:47:51'),(1,92,'2019-08-12 07:31:40'),(2,29,'2020-05-01 00:24:51'),(2,53,'2019-01-01 23:39:24'),(2,64,'2020-03-02 17:25:51'),(3,26,'2017-03-23 09:56:39'),(3,37,'2012-03-22 18:32:25'),(3,42,'2018-04-06 23:14:45'),(3,46,'2016-01-20 16:04:20'),(3,97,'2021-01-19 11:01:58'),(4,8,'2020-12-24 06:38:43'),(4,32,'2021-03-06 14:05:03'),(4,74,'2016-01-12 10:03:52'),(5,16,'2013-03-01 05:42:53'),(5,18,'2014-06-03 07:50:12'),(5,53,'2011-04-23 11:43:29'),(5,56,'2019-09-24 17:47:28'),(5,63,'2018-04-02 03:00:18'),(6,12,'2018-05-19 17:50:17'),(6,49,'2018-07-31 14:48:04'),(7,87,'2018-07-15 05:20:04'),(8,27,'2020-12-30 00:41:32'),(8,42,'2020-03-22 05:32:19'),(8,43,'2020-03-16 16:54:50'),(8,100,'2015-07-17 01:53:02'),(10,7,'2015-03-24 01:20:19'),(10,44,'2020-11-14 05:43:47'),(10,58,'2019-01-27 04:40:54'),(10,66,'2012-12-22 00:39:39'),(11,51,'2013-04-18 11:58:59'),(12,18,'2021-02-14 06:56:41'),(12,19,'2018-04-28 08:22:01'),(12,27,'2016-03-21 17:22:24'),(12,30,'2012-06-28 04:55:08'),(12,35,'2020-05-23 15:37:48'),(12,54,'2012-10-14 03:17:09'),(13,43,'2015-03-31 14:19:19'),(13,74,'2012-12-31 05:33:22'),(13,85,'2020-11-29 14:46:12'),(13,100,'2013-10-18 01:15:39'),(14,15,'2017-08-04 12:03:54'),(14,26,'2015-12-13 02:45:10'),(14,35,'2012-08-07 08:07:15'),(14,37,'2015-01-27 22:27:30'),(14,79,'2016-04-17 05:41:55'),(15,13,'2019-07-22 18:50:49'),(15,42,'2015-12-20 11:31:10'),(15,44,'2013-12-29 02:45:00'),(15,67,'2014-05-25 06:02:27'),(15,90,'2016-12-11 05:53:45'),(16,75,'2011-08-28 11:48:04'),(16,86,'2015-06-27 05:33:29'),(16,97,'2014-12-25 00:36:29'),(16,98,'2020-08-25 19:27:59'),(16,99,'2016-06-12 22:55:52'),(17,40,'2013-09-22 13:43:56'),(17,47,'2015-07-22 09:16:58'),(17,56,'2014-04-21 03:53:53'),(18,3,'2011-11-23 05:04:55'),(18,20,'2020-11-15 12:37:40'),(18,33,'2019-04-15 18:15:16'),(18,49,'2017-11-08 10:36:11'),(18,58,'2011-12-08 06:06:09'),(18,86,'2014-03-11 16:26:34'),(19,22,'2021-02-05 05:31:22'),(19,57,'2015-04-03 07:34:31'),(19,72,'2016-09-15 01:55:43'),(19,89,'2016-06-01 22:36:02'),(20,20,'2015-04-09 04:43:57'),(20,21,'2021-02-03 07:53:34'),(20,55,'2016-05-13 11:40:58'),(20,95,'2014-03-15 13:33:42'),(21,10,'2014-01-08 18:03:01'),(21,37,'2019-02-09 08:56:14'),(21,65,'2017-06-02 02:43:21'),(22,3,'2018-02-09 14:00:41'),(22,95,'2013-08-03 06:34:33'),(23,33,'2016-08-16 12:31:54'),(23,39,'2019-10-01 12:24:02'),(23,83,'2011-07-06 04:14:46'),(24,26,'2014-06-17 17:38:57'),(24,32,'2017-04-29 20:11:45'),(24,38,'2011-10-09 02:14:50'),(24,90,'2019-01-14 17:53:11'),(25,69,'2012-06-29 09:06:58'),(25,85,'2017-10-14 10:40:49'),(26,35,'2012-08-12 19:30:40'),(26,41,'2020-09-05 06:06:59'),(26,44,'2012-01-05 16:45:55'),(27,24,'2017-07-06 21:23:38'),(27,86,'2012-06-09 12:15:36'),(28,85,'2011-07-01 15:18:46'),(29,9,'2014-08-21 23:59:25'),(29,13,'2014-04-30 10:58:14'),(29,30,'2012-10-07 08:17:01'),(29,36,'2014-03-13 07:06:20'),(29,83,'2020-06-20 22:39:06'),(30,37,'2016-10-02 13:28:13'),(30,42,'2014-02-17 07:02:29'),(30,50,'2020-08-22 12:14:36');
/*!40000 ALTER TABLE `communities_users` ENABLE KEYS */;
UNLOCK TABLES;

--
-- Table structure for table `friendship`
--

DROP TABLE IF EXISTS `friendship`;
/*!40101 SET @saved_cs_client     = @@character_set_client */;
/*!50503 SET character_set_client = utf8mb4 */;
CREATE TABLE `friendship` (
  `user_id` int unsigned NOT NULL COMMENT 'Ссылка на инициатора дружеских отношений',
  `friend_id` int unsigned NOT NULL COMMENT 'Ссылка на получателя приглашения дружить',
  `friendship_status_id` int unsigned NOT NULL COMMENT 'Ссылка на статус (текущее состояние) отношений',
  `confirmed_at` datetime DEFAULT NULL COMMENT 'Время подтверждения приглашения',
  `created_at` datetime DEFAULT CURRENT_TIMESTAMP COMMENT 'Время создания строки',
  `updated_at` datetime DEFAULT CURRENT_TIMESTAMP ON UPDATE CURRENT_TIMESTAMP COMMENT 'Время обновления строки',
  PRIMARY KEY (`user_id`,`friend_id`) COMMENT 'Составной первичный ключ',
  KEY `FK_friendship_users_f` (`friend_id`),
  KEY `FK_friendship_friendship_statis` (`friendship_status_id`),
  CONSTRAINT `FK_friendship_friendship_statis` FOREIGN KEY (`friendship_status_id`) REFERENCES `friendship_statuses` (`id`),
  CONSTRAINT `FK_friendship_users` FOREIGN KEY (`user_id`) REFERENCES `users` (`id`),
  CONSTRAINT `FK_friendship_users_f` FOREIGN KEY (`friend_id`) REFERENCES `users` (`id`)
) ENGINE=InnoDB DEFAULT CHARSET=utf8mb4 COLLATE=utf8mb4_unicode_ci COMMENT='Таблица дружбы';
/*!40101 SET character_set_client = @saved_cs_client */;

--
-- Dumping data for table `friendship`
--

LOCK TABLES `friendship` WRITE;
/*!40000 ALTER TABLE `friendship` DISABLE KEYS */;
INSERT INTO `friendship` VALUES (1,92,3,'2018-08-23 16:17:40','2011-12-03 02:28:49','2021-04-25 23:33:36'),(2,71,3,'2011-08-24 04:10:21','2019-07-18 00:34:47','2021-04-25 23:33:36'),(2,93,2,'2016-02-13 06:12:48','2015-11-27 15:15:33','2021-04-25 23:33:36'),(5,11,3,'2019-09-05 20:18:21','2018-05-04 00:52:01','2021-04-25 23:33:36'),(5,19,3,'2015-12-27 01:06:14','2018-06-21 11:55:28','2021-04-25 23:33:36'),(5,72,2,'2016-08-25 03:17:42','2016-03-21 17:09:40','2021-04-25 23:33:36'),(6,17,3,'2018-01-28 16:08:06','2018-07-31 03:20:42','2021-04-25 23:33:36'),(7,14,1,'2016-05-31 15:34:37','2015-04-07 22:16:00','2021-04-25 23:33:36'),(7,47,1,'2020-01-12 19:18:09','2020-03-05 05:44:58','2021-04-25 23:33:36'),(8,3,2,'2014-01-11 05:44:52','2017-08-13 19:25:43','2021-04-25 23:33:36'),(8,82,1,'2011-05-21 17:15:02','2015-07-16 01:44:17','2021-04-25 23:33:36'),(10,89,1,'2014-01-23 04:12:32','2018-09-08 21:01:42','2021-04-25 23:33:36'),(12,95,2,'2019-09-23 08:41:31','2019-08-08 18:08:01','2021-04-25 23:33:36'),(13,22,1,'2018-10-25 19:57:30','2011-07-01 09:06:54','2021-04-25 23:33:36'),(13,69,3,'2020-06-23 12:09:19','2015-06-26 05:50:37','2021-04-25 23:33:36'),(14,30,3,'2020-07-23 12:56:59','2013-12-30 05:33:44','2021-04-25 23:24:54'),(14,81,1,'2011-12-21 20:43:45','2018-01-16 05:31:43','2021-04-25 23:33:36'),(14,82,1,'2019-10-31 12:52:53','2019-12-21 00:59:57','2021-04-25 23:33:36'),(17,4,1,'2020-09-18 02:13:48','2014-11-19 19:44:34','2021-04-25 23:24:54'),(18,38,1,'2020-07-07 02:36:44','2014-03-31 14:27:05','2021-04-25 23:33:36'),(18,71,2,'2018-03-21 19:29:49','2017-09-30 23:19:24','2021-04-25 23:24:54'),(18,91,3,'2014-02-24 08:14:10','2016-08-07 08:18:52','2021-04-25 23:33:36'),(19,70,1,'2011-11-05 10:27:18','2012-03-15 22:49:06','2021-04-25 23:33:36'),(22,45,3,'2013-02-24 03:38:41','2011-05-31 06:43:52','2021-04-25 23:33:36'),(22,96,2,'2017-04-05 15:35:00','2013-02-01 03:01:47','2021-04-25 23:33:36'),(23,39,3,'2014-08-10 03:47:52','2012-07-28 13:36:41','2021-04-25 23:33:36'),(28,21,2,'2011-10-16 23:47:36','2014-11-11 04:19:22','2021-04-25 23:33:36'),(28,41,1,'2011-09-04 02:40:22','2018-05-20 07:56:21','2021-04-25 23:24:54'),(30,10,1,'2012-04-23 00:35:36','2017-09-13 13:13:02','2021-04-25 23:33:36'),(30,53,3,'2020-04-17 04:39:56','2014-02-28 08:50:13','2021-04-25 23:24:54'),(31,21,3,'2011-08-20 14:17:15','2015-10-23 18:25:30','2021-04-25 23:33:36'),(31,77,3,'2017-01-03 01:22:33','2020-04-18 06:40:33','2021-04-25 23:33:36'),(33,78,1,'2012-12-30 17:36:50','2012-01-24 01:48:47','2021-04-25 23:33:36'),(34,90,3,'2019-07-26 23:27:40','2015-05-20 07:24:07','2021-04-25 23:33:36'),(35,18,3,'2016-05-03 07:39:34','2019-02-22 08:04:57','2021-04-25 23:33:36'),(35,67,1,'2018-01-12 17:11:52','2015-07-14 09:28:23','2021-04-25 23:33:36'),(36,28,3,'2019-09-05 04:07:26','2019-10-21 06:42:58','2021-04-25 23:24:54'),(36,94,1,'2020-04-08 08:53:26','2017-09-13 22:49:12','2021-04-25 23:24:54'),(37,69,3,'2020-09-17 10:21:10','2012-10-02 20:33:38','2021-04-25 23:24:54'),(38,93,1,'2019-03-29 02:11:47','2020-09-15 02:55:18','2021-04-25 23:33:36'),(39,2,2,'2016-04-17 09:16:00','2021-01-11 00:11:16','2021-04-25 23:33:36'),(41,16,1,'2018-04-10 04:08:07','2015-04-09 08:56:56','2021-04-25 23:33:36'),(42,20,2,'2019-03-13 06:20:57','2018-06-06 04:12:26','2021-04-25 23:24:54'),(42,73,3,'2019-06-04 02:34:10','2020-11-01 03:59:27','2021-04-25 23:33:36'),(42,87,2,'2017-07-11 09:17:09','2011-11-23 23:30:28','2021-04-25 23:33:36'),(43,7,1,'2017-01-01 11:27:12','2015-10-22 06:35:19','2021-04-25 23:33:36'),(44,3,3,'2018-05-20 06:24:23','2013-12-11 21:11:01','2021-04-25 23:33:36'),(48,32,1,'2012-06-25 03:40:08','2017-11-20 10:11:14','2021-04-25 23:33:36'),(48,99,2,'2016-01-20 13:24:45','2012-12-03 08:10:28','2021-04-25 23:33:36'),(49,47,3,'2013-01-14 11:41:31','2014-08-03 02:05:10','2021-04-25 23:33:36'),(49,73,3,'2016-08-18 00:54:13','2013-06-26 20:15:33','2021-04-25 23:24:54'),(50,34,3,'2013-08-20 17:11:00','2011-06-08 06:34:01','2021-04-25 23:33:36'),(50,51,1,'2018-09-17 11:38:08','2012-02-02 03:28:06','2021-04-25 23:33:36'),(50,71,3,'2018-08-20 23:35:13','2016-12-19 21:58:59','2021-04-25 23:33:36'),(53,19,1,'2011-07-08 05:26:49','2016-06-18 16:47:55','2021-04-25 23:33:36'),(55,8,3,'2016-04-11 20:23:27','2015-01-09 12:18:17','2021-04-25 23:33:36'),(55,17,1,'2014-04-09 04:24:36','2018-06-13 01:34:12','2021-04-25 23:33:36'),(55,60,1,'2013-04-06 10:34:13','2018-10-26 20:02:20','2021-04-25 23:33:36'),(55,99,3,'2020-07-26 02:43:24','2013-06-09 16:09:14','2021-04-25 23:33:36'),(57,5,1,'2015-05-31 10:00:31','2017-04-24 18:48:14','2021-04-25 23:33:36'),(59,65,1,'2016-04-25 13:18:08','2012-08-26 20:55:54','2021-04-25 23:33:36'),(60,61,1,'2011-10-20 17:18:31','2016-02-28 10:37:42','2021-04-25 23:33:36'),(60,64,2,'2016-03-29 17:05:44','2015-02-11 14:40:53','2021-04-25 23:33:36'),(60,83,1,'2015-01-28 14:49:21','2013-10-19 20:48:36','2021-04-25 23:33:36'),(61,18,1,'2015-02-20 01:29:57','2019-11-29 13:43:09','2021-04-25 23:33:36'),(61,49,3,'2019-10-28 23:09:31','2013-11-23 15:21:53','2021-04-25 23:33:36'),(62,72,3,'2019-12-30 20:21:29','2016-08-19 15:36:18','2021-04-25 23:33:36'),(65,39,1,'2011-12-04 13:08:44','2017-05-12 14:58:07','2021-04-25 23:33:36'),(65,73,2,'2021-02-07 18:57:52','2021-01-05 04:34:44','2021-04-25 23:33:36'),(65,76,2,'2020-08-15 17:23:07','2019-02-27 21:55:45','2021-04-25 23:24:54'),(65,79,1,'2017-03-16 01:19:33','2016-09-10 23:30:33','2021-04-25 23:33:36'),(67,46,3,'2011-05-18 10:36:58','2015-07-04 20:10:14','2021-04-25 23:33:36'),(68,29,3,'2013-07-20 23:39:41','2015-09-25 10:56:56','2021-04-25 23:33:36'),(69,53,3,'2021-01-18 11:48:32','2014-10-31 00:28:17','2021-04-25 23:33:36'),(70,30,2,'2017-06-24 21:47:13','2013-05-03 00:01:44','2021-04-25 23:33:36'),(72,38,1,'2020-06-24 18:25:07','2016-04-09 10:02:51','2021-04-25 23:33:36'),(72,46,1,'2013-07-24 04:36:28','2020-04-01 15:23:28','2021-04-25 23:33:36'),(73,4,1,'2015-08-17 02:34:03','2011-07-26 08:11:37','2021-04-25 23:33:36'),(73,96,2,'2011-12-15 05:10:20','2018-10-30 08:47:12','2021-04-25 23:33:36'),(74,11,3,'2013-03-28 22:54:08','2019-01-12 11:13:58','2021-04-25 23:33:36'),(74,32,3,'2017-12-11 19:36:46','2016-06-08 18:12:29','2021-04-25 23:33:36'),(75,56,1,'2017-09-11 21:19:44','2018-06-21 18:28:28','2021-04-25 23:33:36'),(76,18,3,'2018-10-24 17:53:15','2018-04-12 19:17:21','2021-04-25 23:33:36'),(78,39,1,'2012-05-18 14:46:40','2013-08-11 15:13:23','2021-04-25 23:33:36'),(79,36,2,'2016-01-05 20:40:39','2015-01-19 01:50:34','2021-04-25 23:33:36'),(83,89,1,'2018-07-21 11:50:22','2014-08-28 23:28:12','2021-04-25 23:33:36'),(84,64,3,'2017-05-06 23:15:51','2013-12-13 22:39:21','2021-04-25 23:33:36'),(85,13,3,'2019-10-31 17:47:09','2013-03-27 12:36:10','2021-04-25 23:33:36'),(87,88,3,'2012-01-09 08:14:34','2021-02-23 12:49:14','2021-04-25 23:33:36'),(89,3,1,'2014-06-02 20:06:58','2020-01-09 01:07:22','2021-04-25 23:33:36'),(90,38,3,'2014-09-17 12:40:50','2012-05-03 10:10:50','2021-04-25 23:33:36'),(91,50,1,'2018-09-04 07:16:29','2013-03-28 19:51:08','2021-04-25 23:24:54'),(93,29,1,'2018-06-14 15:53:00','2019-03-27 11:10:02','2021-04-25 23:33:36'),(93,56,2,'2020-04-12 06:37:02','2013-01-08 11:17:31','2021-04-25 23:33:36'),(94,38,2,'2014-11-30 13:41:48','2017-06-30 08:30:01','2021-04-25 23:33:36'),(96,13,2,'2020-01-10 07:46:00','2019-02-20 22:48:25','2021-04-25 23:33:36'),(98,80,1,'2013-06-15 05:47:26','2021-04-07 15:14:18','2021-04-25 23:33:36'),(99,25,2,'2016-02-22 13:42:40','2014-01-24 15:02:48','2021-04-25 23:33:36'),(100,24,1,'2012-04-06 02:01:50','2020-05-20 15:01:15','2021-04-25 23:33:36'),(100,63,3,'2020-01-04 15:22:28','2017-09-21 09:04:47','2021-04-25 23:33:36');
/*!40000 ALTER TABLE `friendship` ENABLE KEYS */;
UNLOCK TABLES;

--
-- Table structure for table `friendship_statuses`
--

DROP TABLE IF EXISTS `friendship_statuses`;
/*!40101 SET @saved_cs_client     = @@character_set_client */;
/*!50503 SET character_set_client = utf8mb4 */;
CREATE TABLE `friendship_statuses` (
  `id` int unsigned NOT NULL AUTO_INCREMENT COMMENT 'Идентификатор строки',
  `name` varchar(150) CHARACTER SET utf8mb4 COLLATE utf8mb4_unicode_ci NOT NULL COMMENT 'Название статуса',
  `created_at` datetime DEFAULT CURRENT_TIMESTAMP COMMENT 'Время создания строки',
  `updated_at` datetime DEFAULT CURRENT_TIMESTAMP ON UPDATE CURRENT_TIMESTAMP COMMENT 'Время обновления строки',
  PRIMARY KEY (`id`),
  UNIQUE KEY `name` (`name`)
) ENGINE=InnoDB AUTO_INCREMENT=4 DEFAULT CHARSET=utf8mb4 COLLATE=utf8mb4_unicode_ci COMMENT='Статусы дружбы';
/*!40101 SET character_set_client = @saved_cs_client */;

--
-- Dumping data for table `friendship_statuses`
--

LOCK TABLES `friendship_statuses` WRITE;
/*!40000 ALTER TABLE `friendship_statuses` DISABLE KEYS */;
INSERT INTO `friendship_statuses` VALUES (1,'requested','2021-04-25 23:32:29','2021-04-25 23:32:29'),(2,'confirmed','2021-04-25 23:32:29','2021-04-25 23:32:29'),(3,'rejected','2021-04-25 23:32:29','2021-04-25 23:32:29');
/*!40000 ALTER TABLE `friendship_statuses` ENABLE KEYS */;
UNLOCK TABLES;

--
-- Table structure for table `media`
--

DROP TABLE IF EXISTS `media`;
/*!40101 SET @saved_cs_client     = @@character_set_client */;
/*!50503 SET character_set_client = utf8mb4 */;
CREATE TABLE `media` (
  `id` int unsigned NOT NULL AUTO_INCREMENT COMMENT 'Идентификатор строки',
  `user_id` int unsigned NOT NULL COMMENT 'Ссылка на пользователя, который загрузил файл',
  `filename` varchar(255) CHARACTER SET utf8mb4 COLLATE utf8mb4_unicode_ci NOT NULL COMMENT 'Путь к файлу',
  `size` int NOT NULL COMMENT 'Размер файла',
  `metadata` json DEFAULT NULL,
  `media_type_id` int unsigned NOT NULL COMMENT 'Ссылка на тип контента',
  `created_at` datetime DEFAULT CURRENT_TIMESTAMP COMMENT 'Время создания строки',
  `updated_at` datetime DEFAULT CURRENT_TIMESTAMP ON UPDATE CURRENT_TIMESTAMP COMMENT 'Время обновления строки',
  PRIMARY KEY (`id`),
  KEY `FK_media_users` (`user_id`),
  KEY `FK_media_media_type` (`media_type_id`),
  CONSTRAINT `FK_media_media_type` FOREIGN KEY (`media_type_id`) REFERENCES `media_types` (`id`),
  CONSTRAINT `FK_media_users` FOREIGN KEY (`user_id`) REFERENCES `users` (`id`),
  CONSTRAINT `media_chk_1` CHECK (json_valid(`metadata`))
) ENGINE=InnoDB AUTO_INCREMENT=101 DEFAULT CHARSET=utf8mb4 COLLATE=utf8mb4_unicode_ci COMMENT='Медиафайлы';
/*!40101 SET character_set_client = @saved_cs_client */;

--
-- Dumping data for table `media`
--

LOCK TABLES `media` WRITE;
/*!40000 ALTER TABLE `media` DISABLE KEYS */;
INSERT INTO `media` VALUES (1,86,'http://dropbox.com/vk/aut.mp4',4820157,'{\"owner\": \"Denesik Beaulah\"}',2,'1972-09-27 03:25:18','2021-04-25 23:18:49'),(2,11,'http://dropbox.com/vk/voluptas.avi',369781679,'{\"owner\": \"Thompson Raphaelle\"}',1,'1992-02-02 21:53:37','2021-04-25 23:18:49'),(3,98,'http://dropbox.com/vk/neque.avi',95009075,'{\"owner\": \"McKenzie Gunner\"}',2,'1973-01-26 05:09:35','2021-04-25 23:18:49'),(4,55,'http://dropbox.com/vk/architecto.mp3',680215831,'{\"owner\": \"Cronin Nakia\"}',1,'2006-02-20 13:58:27','2021-04-25 23:18:49'),(5,80,'http://dropbox.com/vk/accusamus.avi',5243047,'{\"owner\": \"Reilly Elinor\"}',2,'1996-10-01 10:30:51','2021-04-25 23:18:49'),(6,34,'http://dropbox.com/vk/ut.avi',11744767,'{\"owner\": \"Bechtelar Armand\"}',1,'2006-02-24 21:50:56','2021-04-25 23:08:58'),(7,32,'http://dropbox.com/vk/ex.mp3',42984697,'{\"owner\": \"Marks Kristin\"}',3,'1982-04-30 08:11:04','2021-04-25 23:18:49'),(8,54,'http://dropbox.com/vk/tenetur.avi',79679187,'{\"owner\": \"Murphy Marcos\"}',2,'1990-08-28 10:01:51','2021-04-25 23:18:49'),(9,76,'http://dropbox.com/vk/hic.mp3',69431848,'{\"owner\": \"Ankunding Payton\"}',3,'1988-11-26 13:48:10','2021-04-25 23:18:49'),(10,18,'http://dropbox.com/vk/omnis.png',8111681,'{\"owner\": \"Ullrich Dayne\"}',3,'1970-01-28 14:44:20','2021-04-25 23:18:49'),(11,60,'http://dropbox.com/vk/architecto.png',32252867,'{\"owner\": \"Schinner Toy\"}',3,'1998-03-11 07:35:20','2021-04-25 23:18:49'),(12,48,'http://dropbox.com/vk/soluta.mp4',97824879,'{\"owner\": \"Gleichner Ulices\"}',1,'1973-05-22 22:05:49','2021-04-25 23:18:49'),(13,58,'http://dropbox.com/vk/animi.mp4',36919293,'{\"owner\": \"Doyle Henderson\"}',2,'2002-07-05 04:16:31','2021-04-25 23:18:49'),(14,45,'http://dropbox.com/vk/maxime.mp3',87827870,'{\"owner\": \"Franecki Daniela\"}',3,'1975-07-24 01:33:28','2021-04-25 23:18:49'),(15,52,'http://dropbox.com/vk/neque.mp4',28371475,'{\"owner\": \"Leannon Mara\"}',3,'2007-03-18 16:49:02','2021-04-25 23:18:49'),(16,22,'http://dropbox.com/vk/voluptatem.png',78363770,'{\"owner\": \"Stokes Brooke\"}',3,'2000-11-10 11:56:15','2021-04-25 23:18:49'),(17,56,'http://dropbox.com/vk/qui.avi',6694425,'{\"owner\": \"Deckow Javier\"}',2,'1970-09-27 18:41:50','2021-04-25 23:08:58'),(18,12,'http://dropbox.com/vk/ducimus.mp4',98370822,'{\"owner\": \"Corwin Salma\"}',3,'1983-11-14 16:55:53','2021-04-25 23:08:58'),(19,91,'http://dropbox.com/vk/odit.mp4',6139363,'{\"owner\": \"Konopelski Chaz\"}',2,'2012-04-06 19:11:08','2021-04-25 23:18:49'),(20,19,'http://dropbox.com/vk/omnis.png',5466369,'{\"owner\": \"Heidenreich Addison\"}',3,'2008-03-09 22:37:24','2021-04-25 23:18:49'),(21,19,'http://dropbox.com/vk/voluptas.mp4',12835474,'{\"owner\": \"Heidenreich Addison\"}',2,'1987-12-14 17:04:31','2021-04-25 23:18:49'),(22,41,'http://dropbox.com/vk/officia.mp3',337243926,'{\"owner\": \"Schimmel Otho\"}',2,'1973-06-11 04:04:44','2021-04-25 23:08:58'),(23,48,'http://dropbox.com/vk/fugit.mp3',47049,'{\"owner\": \"Gleichner Ulices\"}',2,'2020-10-30 21:30:24','2021-04-25 23:18:49'),(24,16,'http://dropbox.com/vk/nulla.png',1063764,'{\"owner\": \"Considine Maurine\"}',2,'1987-06-21 06:24:38','2021-04-25 23:18:49'),(25,33,'http://dropbox.com/vk/dolorem.mp3',71760836,'{\"owner\": \"Wilkinson Janie\"}',3,'1999-12-23 21:16:23','2021-04-25 23:18:49'),(26,18,'http://dropbox.com/vk/sunt.png',65426,'{\"owner\": \"Ullrich Dayne\"}',3,'1989-04-23 21:55:54','2021-04-25 23:18:49'),(27,89,'http://dropbox.com/vk/sit.mp3',7821137,'{\"owner\": \"Nienow Earnest\"}',1,'2013-03-11 06:20:52','2021-04-25 23:18:49'),(28,92,'http://dropbox.com/vk/nesciunt.png',63681720,'{\"owner\": \"Johnson Melvin\"}',3,'1986-12-26 20:53:35','2021-04-25 23:08:58'),(29,90,'http://dropbox.com/vk/unde.avi',65043099,'{\"owner\": \"Howe Bonnie\"}',1,'1998-11-02 18:26:39','2021-04-25 23:18:49'),(30,77,'http://dropbox.com/vk/dolorem.mp3',3116096,'{\"owner\": \"Grimes Micah\"}',2,'2015-02-10 17:15:07','2021-04-25 23:18:49'),(31,13,'http://dropbox.com/vk/sit.mp4',24525324,'{\"owner\": \"Lakin Dayana\"}',3,'1994-10-13 18:01:13','2021-04-25 23:18:49'),(32,34,'http://dropbox.com/vk/tenetur.mp3',13268333,'{\"owner\": \"Bechtelar Armand\"}',2,'2002-10-21 04:41:16','2021-04-25 23:08:58'),(33,32,'http://dropbox.com/vk/similique.mp4',92755697,'{\"owner\": \"Marks Kristin\"}',3,'1998-07-30 02:22:09','2021-04-25 23:08:58'),(34,57,'http://dropbox.com/vk/aperiam.mp4',5398718,'{\"owner\": \"Torphy Brook\"}',2,'1970-02-07 23:50:08','2021-04-25 23:18:49'),(35,89,'http://dropbox.com/vk/odit.png',34609045,'{\"owner\": \"Nienow Earnest\"}',2,'1985-12-20 22:46:56','2021-04-25 23:18:49'),(36,71,'http://dropbox.com/vk/magnam.mp3',23963490,'{\"owner\": \"Pouros Cristobal\"}',3,'1985-01-04 13:26:50','2021-04-25 23:18:49'),(37,89,'http://dropbox.com/vk/non.png',141776,'{\"owner\": \"Nienow Earnest\"}',1,'1997-12-02 09:40:53','2021-04-25 23:18:49'),(38,31,'http://dropbox.com/vk/quidem.png',28611,'{\"owner\": \"Crist Lenny\"}',2,'2008-10-04 23:38:40','2021-04-25 23:18:49'),(39,89,'http://dropbox.com/vk/ut.mp3',41540361,'{\"owner\": \"Nienow Earnest\"}',1,'1979-11-27 12:09:30','2021-04-25 23:18:49'),(40,49,'http://dropbox.com/vk/dolor.png',35801339,'{\"owner\": \"Reilly Kevon\"}',1,'2018-06-17 16:10:15','2021-04-25 23:18:49'),(41,79,'http://dropbox.com/vk/eum.mp4',20174362,'{\"owner\": \"Ondricka Zoe\"}',1,'1991-10-31 09:04:44','2021-04-25 23:08:58'),(42,49,'http://dropbox.com/vk/nulla.mp3',54375614,'{\"owner\": \"Reilly Kevon\"}',2,'2002-12-17 11:32:28','2021-04-25 23:08:58'),(43,7,'http://dropbox.com/vk/iure.avi',75448314,'{\"owner\": \"Hauck Therese\"}',2,'1993-11-13 22:19:48','2021-04-25 23:18:49'),(44,85,'http://dropbox.com/vk/quae.avi',64464060,'{\"owner\": \"O\'Conner Nicola\"}',3,'1971-10-09 06:33:55','2021-04-25 23:18:49'),(45,4,'http://dropbox.com/vk/est.png',59183458,'{\"owner\": \"Runolfsdottir Carmelo\"}',3,'1973-09-09 21:12:54','2021-04-25 23:18:49'),(46,66,'http://dropbox.com/vk/veritatis.png',363294,'{\"owner\": \"Davis Donato\"}',2,'2007-12-31 19:22:05','2021-04-25 23:18:49'),(47,18,'http://dropbox.com/vk/temporibus.mp3',43162,'{\"owner\": \"Ullrich Dayne\"}',1,'2014-06-21 05:58:05','2021-04-25 23:18:49'),(48,89,'http://dropbox.com/vk/omnis.avi',568619,'{\"owner\": \"Nienow Earnest\"}',1,'1978-07-10 09:30:02','2021-04-25 23:18:49'),(49,92,'http://dropbox.com/vk/ea.mp3',52311,'{\"owner\": \"Johnson Melvin\"}',3,'1978-05-05 05:29:41','2021-04-25 23:18:49'),(50,93,'http://dropbox.com/vk/suscipit.png',387537066,'{\"owner\": \"Corwin Linnie\"}',3,'2011-09-17 15:47:57','2021-04-25 23:18:49'),(51,88,'http://dropbox.com/vk/sed.mp3',7084915,'{\"owner\": \"Goldner Daija\"}',1,'2010-11-14 07:51:31','2021-04-25 23:08:58'),(52,61,'http://dropbox.com/vk/libero.mp3',415860337,'{\"owner\": \"Simonis Ozella\"}',2,'2020-07-01 16:41:46','2021-04-25 23:08:58'),(53,40,'http://dropbox.com/vk/explicabo.png',2515115,'{\"owner\": \"Jast Eric\"}',1,'1975-03-15 15:42:00','2021-04-25 23:18:49'),(54,17,'http://dropbox.com/vk/et.mp4',110098665,'{\"owner\": \"Toy Deonte\"}',2,'2012-07-28 02:55:37','2021-04-25 23:18:49'),(55,62,'http://dropbox.com/vk/itaque.png',35015207,'{\"owner\": \"Klocko Cecilia\"}',1,'2014-08-31 11:02:12','2021-04-25 23:18:49'),(56,60,'http://dropbox.com/vk/sapiente.avi',397337,'{\"owner\": \"Schinner Toy\"}',2,'1999-01-04 10:03:48','2021-04-25 23:18:49'),(57,16,'http://dropbox.com/vk/ea.avi',733784094,'{\"owner\": \"Considine Maurine\"}',2,'2009-01-16 09:41:43','2021-04-25 23:08:58'),(58,96,'http://dropbox.com/vk/enim.png',21579,'{\"owner\": \"Lockman Marquise\"}',2,'1970-11-28 02:17:47','2021-04-25 23:18:49'),(59,34,'http://dropbox.com/vk/deleniti.png',72804,'{\"owner\": \"Bechtelar Armand\"}',3,'2004-03-15 02:45:38','2021-04-25 23:18:49'),(60,83,'http://dropbox.com/vk/at.mp3',67520691,'{\"owner\": \"Walter Delilah\"}',2,'1977-03-31 16:50:30','2021-04-25 23:18:49'),(61,9,'http://dropbox.com/vk/nihil.mp4',32547837,'{\"owner\": \"Olson Arnaldo\"}',3,'1985-06-15 08:03:20','2021-04-25 23:18:49'),(62,96,'http://dropbox.com/vk/iusto.avi',60167115,'{\"owner\": \"Lockman Marquise\"}',1,'2016-05-21 16:57:19','2021-04-25 23:18:49'),(63,53,'http://dropbox.com/vk/sunt.mp4',3182070,'{\"owner\": \"Dibbert Osborne\"}',2,'2013-05-15 08:54:03','2021-04-25 23:18:49'),(64,77,'http://dropbox.com/vk/voluptate.mp3',35399009,'{\"owner\": \"Grimes Micah\"}',3,'1976-10-02 02:52:26','2021-04-25 23:18:49'),(65,24,'http://dropbox.com/vk/et.mp3',88540,'{\"owner\": \"Graham Serenity\"}',3,'2002-07-15 07:11:08','2021-04-25 23:18:49'),(66,89,'http://dropbox.com/vk/aut.png',67438837,'{\"owner\": \"Nienow Earnest\"}',3,'1996-05-02 18:54:17','2021-04-25 23:18:49'),(67,73,'http://dropbox.com/vk/et.avi',4673799,'{\"owner\": \"Berge General\"}',2,'1971-11-05 05:03:32','2021-04-25 23:08:58'),(68,99,'http://dropbox.com/vk/velit.mp4',39506,'{\"owner\": \"Collier Rylee\"}',1,'2012-04-26 17:34:00','2021-04-25 23:18:49'),(69,75,'http://dropbox.com/vk/delectus.avi',30987163,'{\"owner\": \"Sanford Kylee\"}',3,'1981-03-13 13:08:42','2021-04-25 23:18:49'),(70,76,'http://dropbox.com/vk/quia.png',52609308,'{\"owner\": \"Ankunding Payton\"}',3,'1997-09-12 04:48:59','2021-04-25 23:18:49'),(71,53,'http://dropbox.com/vk/ut.png',70075052,'{\"owner\": \"Dibbert Osborne\"}',1,'2006-02-10 13:55:45','2021-04-25 23:08:58'),(72,40,'http://dropbox.com/vk/rerum.avi',92537342,'{\"owner\": \"Jast Eric\"}',1,'1985-02-12 11:27:17','2021-04-25 23:18:49'),(73,39,'http://dropbox.com/vk/quos.png',52451555,'{\"owner\": \"Lindgren Ryann\"}',3,'1992-08-16 09:25:48','2021-04-25 23:08:58'),(74,73,'http://dropbox.com/vk/officia.avi',96491,'{\"owner\": \"Berge General\"}',2,'2006-11-25 19:42:16','2021-04-25 23:18:49'),(75,47,'http://dropbox.com/vk/vero.avi',84635754,'{\"owner\": \"Lind Tiara\"}',2,'1993-12-24 07:19:24','2021-04-25 23:18:49'),(76,17,'http://dropbox.com/vk/rerum.png',65814109,'{\"owner\": \"Toy Deonte\"}',1,'1991-10-30 09:27:12','2021-04-25 23:08:58'),(77,42,'http://dropbox.com/vk/repudiandae.mp3',75153287,'{\"owner\": \"Wilderman Madelynn\"}',3,'1981-06-09 12:09:35','2021-04-25 23:18:49'),(78,60,'http://dropbox.com/vk/deleniti.mp4',78314111,'{\"owner\": \"Schinner Toy\"}',1,'1997-06-01 11:19:43','2021-04-25 23:18:49'),(79,74,'http://dropbox.com/vk/ipsum.mp4',66100697,'{\"owner\": \"Rodriguez Anthony\"}',2,'2012-03-30 19:58:21','2021-04-25 23:18:49'),(80,90,'http://dropbox.com/vk/est.mp3',95551158,'{\"owner\": \"Howe Bonnie\"}',2,'1987-07-06 19:36:11','2021-04-25 23:18:49'),(81,26,'http://dropbox.com/vk/est.avi',56043,'{\"owner\": \"Hand Celine\"}',2,'2014-02-18 13:40:23','2021-04-25 23:18:49'),(82,59,'http://dropbox.com/vk/exercitationem.avi',79443701,'{\"owner\": \"Rippin Stanford\"}',2,'2012-09-11 00:59:40','2021-04-25 23:08:58'),(83,19,'http://dropbox.com/vk/quisquam.mp3',876291,'{\"owner\": \"Heidenreich Addison\"}',2,'1974-05-28 19:28:18','2021-04-25 23:18:49'),(84,16,'http://dropbox.com/vk/molestias.avi',10555034,'{\"owner\": \"Considine Maurine\"}',3,'1986-07-26 20:00:11','2021-04-25 23:18:49'),(85,21,'http://dropbox.com/vk/sed.avi',591012,'{\"owner\": \"Gleason Elta\"}',1,'1980-05-24 18:39:11','2021-04-25 23:18:49'),(86,58,'http://dropbox.com/vk/error.png',87095507,'{\"owner\": \"Doyle Henderson\"}',2,'2014-09-06 22:09:17','2021-04-25 23:18:49'),(87,28,'http://dropbox.com/vk/ratione.mp4',14434070,'{\"owner\": \"Prosacco Precious\"}',1,'2009-02-11 03:08:00','2021-04-25 23:18:49'),(88,63,'http://dropbox.com/vk/nisi.avi',40495250,'{\"owner\": \"Konopelski Mae\"}',1,'2017-10-21 06:58:10','2021-04-25 23:18:49'),(89,31,'http://dropbox.com/vk/minus.mp4',1880522,'{\"owner\": \"Crist Lenny\"}',2,'1973-03-22 17:30:24','2021-04-25 23:18:49'),(90,64,'http://dropbox.com/vk/impedit.mp4',24186,'{\"owner\": \"Paucek Narciso\"}',2,'1971-07-18 12:18:52','2021-04-25 23:18:49'),(91,29,'http://dropbox.com/vk/et.mp4',70442575,'{\"owner\": \"Kerluke Angelina\"}',2,'1998-03-24 14:17:04','2021-04-25 23:18:49'),(92,49,'http://dropbox.com/vk/facilis.png',2602973,'{\"owner\": \"Reilly Kevon\"}',2,'1978-03-01 20:54:00','2021-04-25 23:08:58'),(93,61,'http://dropbox.com/vk/et.mp3',59164047,'{\"owner\": \"Simonis Ozella\"}',2,'2015-10-14 10:45:28','2021-04-25 23:18:49'),(94,58,'http://dropbox.com/vk/voluptas.mp4',74324489,'{\"owner\": \"Doyle Henderson\"}',1,'1975-06-26 17:18:16','2021-04-25 23:18:49'),(95,6,'http://dropbox.com/vk/esse.avi',94120304,'{\"owner\": \"Jacobson Casimir\"}',3,'2017-07-07 14:40:49','2021-04-25 23:18:49'),(96,57,'http://dropbox.com/vk/laborum.mp3',91743,'{\"owner\": \"Torphy Brook\"}',1,'2012-12-13 01:13:33','2021-04-25 23:08:58'),(97,64,'http://dropbox.com/vk/vitae.mp4',9778562,'{\"owner\": \"Paucek Narciso\"}',2,'1991-09-01 09:24:19','2021-04-25 23:08:58'),(98,49,'http://dropbox.com/vk/voluptatibus.mp4',47618059,'{\"owner\": \"Reilly Kevon\"}',1,'1993-11-21 21:23:10','2021-04-25 23:18:49'),(99,53,'http://dropbox.com/vk/ut.mp4',55719388,'{\"owner\": \"Dibbert Osborne\"}',3,'1991-04-22 20:34:34','2021-04-25 23:18:49'),(100,18,'http://dropbox.com/vk/voluptas.png',154411413,'{\"owner\": \"Ullrich Dayne\"}',2,'2015-07-27 02:39:40','2021-04-25 23:18:49');
/*!40000 ALTER TABLE `media` ENABLE KEYS */;
UNLOCK TABLES;

--
-- Table structure for table `media_types`
--

DROP TABLE IF EXISTS `media_types`;
/*!40101 SET @saved_cs_client     = @@character_set_client */;
/*!50503 SET character_set_client = utf8mb4 */;
CREATE TABLE `media_types` (
  `id` int unsigned NOT NULL AUTO_INCREMENT COMMENT 'Идентификатор строки',
  `name` varchar(255) CHARACTER SET utf8mb4 COLLATE utf8mb4_unicode_ci NOT NULL COMMENT 'Название типа',
  `created_at` datetime DEFAULT CURRENT_TIMESTAMP COMMENT 'Время создания строки',
  `updated_at` datetime DEFAULT CURRENT_TIMESTAMP ON UPDATE CURRENT_TIMESTAMP COMMENT 'Время обновления строки',
  PRIMARY KEY (`id`),
  UNIQUE KEY `name` (`name`)
) ENGINE=InnoDB AUTO_INCREMENT=4 DEFAULT CHARSET=utf8mb4 COLLATE=utf8mb4_unicode_ci COMMENT='Типы медиафайлов';
/*!40101 SET character_set_client = @saved_cs_client */;

--
-- Dumping data for table `media_types`
--

LOCK TABLES `media_types` WRITE;
/*!40000 ALTER TABLE `media_types` DISABLE KEYS */;
INSERT INTO `media_types` VALUES (1,'image','2021-04-25 23:15:48','2021-04-25 23:15:48'),(2,'audio','2021-04-25 23:15:48','2021-04-25 23:15:48'),(3,'video','2021-04-25 23:15:48','2021-04-25 23:15:48');
/*!40000 ALTER TABLE `media_types` ENABLE KEYS */;
UNLOCK TABLES;

--
-- Table structure for table `messages`
--

DROP TABLE IF EXISTS `messages`;
/*!40101 SET @saved_cs_client     = @@character_set_client */;
/*!50503 SET character_set_client = utf8mb4 */;
CREATE TABLE `messages` (
  `id` int unsigned NOT NULL AUTO_INCREMENT COMMENT 'Идентификатор строки',
  `from_user_id` int unsigned NOT NULL COMMENT 'Ссылка на отправителя сообщения',
  `to_user_id` int unsigned NOT NULL COMMENT 'Ссылка на получателя сообщения',
  `body` text CHARACTER SET utf8mb4 COLLATE utf8mb4_unicode_ci NOT NULL COMMENT 'Текст сообщения',
  `is_important` tinyint(1) DEFAULT NULL COMMENT 'Признак важности',
  `is_delivered` tinyint(1) DEFAULT NULL COMMENT 'Признак доставки',
  `created_at` datetime DEFAULT CURRENT_TIMESTAMP COMMENT 'Время создания строки',
  PRIMARY KEY (`id`),
  KEY `FK_messages_user_f` (`from_user_id`),
  KEY `FK_messages_user_t` (`to_user_id`),
  CONSTRAINT `FK_messages_user_f` FOREIGN KEY (`from_user_id`) REFERENCES `users` (`id`),
  CONSTRAINT `FK_messages_user_t` FOREIGN KEY (`to_user_id`) REFERENCES `users` (`id`)
) ENGINE=InnoDB AUTO_INCREMENT=101 DEFAULT CHARSET=utf8mb4 COLLATE=utf8mb4_unicode_ci COMMENT='Сообщения';
/*!40101 SET character_set_client = @saved_cs_client */;

--
-- Dumping data for table `messages`
--

LOCK TABLES `messages` WRITE;
/*!40000 ALTER TABLE `messages` DISABLE KEYS */;
INSERT INTO `messages` VALUES (1,14,36,'Occaecati quibusdam praesentium veniam odit ut nostrum atque. Ipsam autem earum exercitationem dignissimos. Eum et dolorem dolor voluptas qui maxime.',0,0,'2002-12-21 10:38:06'),(2,38,80,'Dolores sed voluptatem at suscipit. Sit consequatur at fugit similique cupiditate adipisci ullam. Aperiam velit molestias sunt quo et. Veniam aperiam et repudiandae animi ea reprehenderit. Aut doloremque quibusdam labore voluptatem voluptatem doloremque commodi rerum.',0,0,'1975-12-31 06:12:07'),(3,88,98,'Omnis sint sunt enim est. Ducimus quia enim fugit rerum et aut. Excepturi optio architecto incidunt repellat et voluptatem. Rerum sint iure quis velit inventore quidem est cum.',0,0,'2016-04-14 23:03:00'),(4,24,28,'Odio quam voluptas at. Consequuntur maxime porro et dolores ea. Fuga eum quo nemo et incidunt ut.',1,1,'2005-02-15 07:36:58'),(5,67,52,'Odit at porro sint voluptate voluptas sit. Ut impedit asperiores possimus eveniet at cum ea.',1,1,'1973-04-03 18:35:32'),(6,57,27,'Sed et eos et deserunt sed dolore voluptatum tempora. Culpa tenetur eveniet esse voluptatibus voluptatum. Aspernatur sed quam sed sequi. Eos dolor error excepturi quas vitae nostrum.',0,0,'2018-04-01 10:44:43'),(7,63,36,'Quas eaque eos voluptatem beatae. Nihil molestiae porro suscipit voluptatibus voluptates. Neque odio modi quia iusto vitae aut.',1,0,'2009-06-10 07:47:30'),(8,90,41,'Culpa perspiciatis iste doloribus laudantium. Necessitatibus qui dolores qui. Quis qui molestias ad.',1,1,'1987-09-18 22:32:10'),(9,34,45,'Exercitationem sit alias aut delectus. Officia voluptatem et veniam dolore enim. Accusantium maxime et aperiam.',1,0,'1970-08-28 20:24:06'),(10,25,90,'Dolor non aliquam ad molestias facilis. Quasi aut eos nostrum numquam quia consequatur. Aut qui et quas voluptatem nostrum harum eum. Quis numquam voluptatem ut autem tempora dolor est eos.',0,0,'1977-05-29 16:16:28'),(11,75,5,'Repudiandae qui harum quae quia deserunt accusamus et sed. Consequatur ut repudiandae voluptatem consequuntur ut vel perferendis. Sunt dolor architecto et quas recusandae consequatur.',0,1,'2005-06-19 17:56:34'),(12,100,83,'Est consequatur laudantium expedita. Molestiae nihil autem autem natus. Nam error neque nemo quisquam et ab rerum earum. Facere accusantium et ea animi.',1,0,'1990-09-18 02:37:02'),(13,15,24,'Ea molestiae sed vitae. Sunt blanditiis a est enim. Dolorem et est nisi consectetur.',0,1,'1991-08-26 12:22:41'),(14,76,7,'Optio voluptatem in laborum numquam quaerat rerum. Hic sit sit corrupti eaque quia culpa iusto. Est dolorum aut voluptates. Sit dolor assumenda inventore. Aut a itaque atque eligendi eveniet.',1,1,'2008-08-15 01:33:52'),(15,5,6,'Ut nemo impedit sit illo. Fugiat doloribus aut dolorem fuga sit labore delectus. Quibusdam quidem qui commodi atque delectus. Rerum necessitatibus quis dolores nisi facilis eligendi quas.',1,0,'1983-12-17 21:56:46'),(16,8,26,'Omnis sint totam fuga ducimus voluptate optio. Nam minima amet reiciendis molestias qui ut porro. Ad consequatur eaque ut neque consequatur. Voluptatibus sunt ipsum expedita labore sit perspiciatis.',0,1,'1979-09-08 16:22:11'),(17,5,47,'Dicta unde amet dolore officia. Consequatur et earum voluptatem velit in ipsum. Necessitatibus molestiae sit eos omnis repellat. Aliquam enim quam vero eius nulla corrupti. Cum ex odio sequi repellendus.',0,1,'1988-02-15 23:16:09'),(18,19,55,'Odit sed quam iste. Voluptate eligendi dolorum est. Magnam velit corrupti qui necessitatibus qui ea minima. Mollitia necessitatibus sunt eum id consequuntur molestias sint necessitatibus.',1,0,'2002-10-09 08:32:08'),(19,18,23,'Delectus qui recusandae cum maiores corrupti dolor. Vel soluta vel quod qui unde. Corporis dolores ab pariatur quas. Aliquam nesciunt eligendi enim. Animi ipsum qui quibusdam tempora incidunt et ea.',0,0,'2001-04-10 08:43:47'),(20,60,31,'Ipsa placeat delectus animi suscipit at accusantium ex. Aperiam impedit cupiditate omnis molestiae qui. Consequatur ut consectetur et nihil nam tempore quasi. Et laboriosam iure non.',0,1,'1979-08-12 10:38:09'),(21,74,75,'Deserunt quibusdam rerum ducimus est facilis non. Exercitationem dolore eligendi in fuga rerum voluptate sint. Unde inventore corporis culpa eum sint ullam eos. Velit veritatis voluptas vel dolore nulla explicabo.',1,0,'2007-03-16 15:12:23'),(22,56,52,'Minus accusamus laborum non quis similique. Quae sequi aut eum. Officia qui voluptatibus est eaque. Est dolor est explicabo ea qui sed quam.',0,1,'2000-04-11 10:02:51'),(23,94,13,'Animi consequuntur accusantium ullam laboriosam natus voluptates aut praesentium. Voluptatum dignissimos nihil error ut. Ut nesciunt ut assumenda nulla aperiam saepe molestias. Fuga vel a occaecati consequatur. Nemo dolore eveniet odit modi omnis voluptatem.',0,0,'1999-12-04 02:01:07'),(24,80,62,'Sit sed adipisci voluptatem tempore eos fugit. Minus aspernatur quas atque consequatur autem dolor illum rerum. Aperiam quaerat consequatur architecto quisquam. Tempora quod voluptatem libero suscipit eaque aliquid. Provident hic libero iste voluptates.',0,1,'1992-08-23 10:19:30'),(25,69,60,'Est sed est eveniet rerum reprehenderit. Voluptatem dicta magnam et aperiam sunt. Corporis ducimus et sapiente natus. Harum reiciendis error aut accusantium. Corporis omnis aut voluptatem ea non qui.',0,0,'1987-10-20 14:04:16'),(26,93,82,'Eum placeat id distinctio ullam placeat illum. Eos ut et consequuntur cum cupiditate. Error eum totam aut.',1,1,'1981-03-22 16:54:01'),(27,31,10,'Enim et eum quod enim. Voluptatem ipsa doloribus iure doloribus. Qui cumque veniam eum voluptatem explicabo voluptatibus. Cum perferendis non et laboriosam eum.',0,1,'1977-04-23 15:31:44'),(28,57,52,'Sit quia ut sunt. Velit sint unde fugit enim corporis. Molestiae dolor eaque tempora modi dolor quia molestiae. Voluptatem expedita rerum nihil nobis numquam ut tempore sed.',0,0,'1985-07-25 07:44:43'),(29,88,83,'Blanditiis quia quod vel eligendi laborum in perferendis recusandae. Soluta eum quae et illo corporis possimus. Accusamus vel corrupti placeat reprehenderit vero suscipit praesentium rerum. In rem similique sed dolorum voluptatibus. Minus itaque voluptatem officia dolores voluptas.',0,1,'1973-10-04 09:06:10'),(30,52,8,'Fugiat laborum quia harum. Accusantium numquam quam eaque quam. Est laudantium ex ea adipisci nesciunt hic eum.',1,0,'1991-03-16 15:29:16'),(31,86,5,'Aut ut aut non voluptatem. Est voluptate amet quisquam aut at. Rem sit id temporibus atque vel. Magni est labore natus voluptatibus similique ut.',0,1,'2019-05-04 11:50:10'),(32,66,15,'Et debitis pariatur eligendi. Quis fugiat assumenda et. Ea aut aut et vero. Esse unde fugit nesciunt provident a voluptatem.',1,0,'1974-01-12 06:37:18'),(33,77,37,'Cumque repellendus inventore repellat aut vero voluptatem. Laborum iure dolor magni sequi laboriosam laborum ex. Suscipit cum a dolorum eum laborum rem.',0,1,'2003-03-14 04:11:36'),(34,57,70,'Omnis distinctio aut in tempore sit quas officia. Quia ex sed dignissimos soluta eius totam dolores. Culpa cumque voluptatibus amet vitae exercitationem est blanditiis.',0,0,'1989-10-08 14:34:08'),(35,81,94,'Quis ullam asperiores harum praesentium et non rem. Voluptatem ab earum et sequi ullam similique quisquam eveniet. Qui voluptatibus facere accusantium totam rerum.',0,0,'2011-09-14 09:20:56'),(36,28,56,'Voluptates officia quod et et. Dolorem quasi voluptas doloribus non quis. Vel nesciunt consequatur odio explicabo dicta.',0,0,'2013-05-22 16:23:06'),(37,97,15,'Perferendis tempore quia et voluptate. Rem quia tempore quam minima quisquam minus eligendi. Exercitationem id vero odit deleniti neque magni odit. Dolorem unde minus corrupti eum. Rerum accusantium non fugit odio.',0,0,'2018-11-01 16:16:07'),(38,86,83,'Facilis autem voluptates blanditiis voluptatem quia. Illum hic ab accusamus quia est quas ut culpa. Omnis earum recusandae fugiat quia iste vero. Blanditiis distinctio est et veritatis porro ipsum id.',1,0,'1982-04-06 05:36:49'),(39,57,34,'Nihil delectus dolore dolorum sit nemo nesciunt sed qui. At molestias sed eveniet ut delectus accusamus. Sint eius voluptas culpa accusantium labore et.',1,1,'1975-09-09 16:19:31'),(40,99,93,'Voluptas et totam sunt vitae. Quidem commodi praesentium eius tempore et voluptas sint incidunt. Porro unde molestias a temporibus consequatur.',1,1,'2013-08-12 03:14:47'),(41,68,59,'Laboriosam occaecati ratione similique voluptas veniam. Facilis laboriosam dolores aut quo modi recusandae nobis. Facere suscipit voluptatem fugiat necessitatibus provident aut cupiditate. Unde iste velit ea illo ut et.',0,1,'1970-06-13 20:09:04'),(42,91,79,'Inventore quos aut officiis qui. In repellendus ipsa aliquam qui. Labore doloribus adipisci minima amet sed voluptatibus. Magnam sint labore libero fugit ab sapiente dignissimos.',1,0,'1983-12-29 13:18:36'),(43,22,72,'Et iure aut ea et necessitatibus distinctio ab et. Inventore nulla in dolores eaque nesciunt aut.',0,0,'1974-03-20 15:56:36'),(44,93,50,'Dolores soluta quibusdam ducimus. Tempore aut modi in iure qui provident excepturi sit. Et doloribus ab perspiciatis totam aliquam quae quia.',1,1,'1994-04-26 21:37:19'),(45,69,93,'Velit repudiandae ut vel culpa voluptatum voluptatem sed. Ipsam consequatur a rem qui id voluptatum. Perferendis asperiores odit quia distinctio dolor in. Ad eius aperiam maiores dignissimos qui eligendi adipisci unde.',1,1,'1972-03-06 17:02:11'),(46,60,22,'Dolore neque nemo consequuntur culpa. Est sit quo quasi accusantium temporibus quae. Quia ut ut repellendus illum sed quis quasi. Quo consequatur quam recusandae sit.',1,1,'2008-11-03 06:03:06'),(47,27,69,'Officiis dolorem rerum necessitatibus. Aut ea dolores autem aperiam. Culpa sit consectetur omnis quae et ea. Quasi doloribus quisquam aliquid nesciunt dolore repellendus libero.',0,1,'2013-02-12 14:30:11'),(48,63,9,'Aliquam non natus saepe magni. Ab neque numquam soluta enim incidunt eos qui. Temporibus non facere fuga qui.',1,0,'2006-03-17 11:57:06'),(49,55,48,'Velit numquam occaecati sunt ex qui. At hic rerum fugit at esse. Et in laborum culpa.',1,0,'1975-10-05 01:27:17'),(50,75,30,'Dicta qui occaecati consectetur repudiandae nihil earum. Qui dolorem ipsum consequuntur exercitationem veritatis nam officiis. Sunt corporis ab reiciendis nam iure earum. Eveniet cupiditate sed neque accusamus id commodi qui quas. Magni porro rerum cupiditate voluptate a libero.',1,0,'1975-05-09 18:27:31'),(51,23,25,'Eos et molestiae et unde voluptatem non consectetur sed. Deserunt debitis quod molestiae qui maiores perferendis voluptate. Culpa iusto eveniet dignissimos et eos dolorem.',1,0,'1993-06-26 01:27:45'),(52,54,97,'Hic quidem mollitia eaque veritatis. Enim quos consequuntur iure occaecati at. Doloribus rerum dolores quo odio sint. Autem voluptate consectetur odit magni culpa nesciunt dignissimos tempora. Ut aut est quibusdam odit.',0,0,'1985-10-13 04:15:56'),(53,20,10,'Quo provident soluta nulla ut corrupti recusandae molestiae. Recusandae ut quibusdam fugit repellendus. Nulla provident nihil hic magnam.',0,0,'1978-03-09 07:09:02'),(54,91,23,'Impedit aliquid commodi atque quo. Ut modi qui velit ex quo suscipit inventore sit. Animi rerum ipsum est.',1,0,'1980-06-14 09:15:12'),(55,41,35,'Natus dignissimos nulla laborum quaerat tempora sit eveniet. Deserunt repudiandae labore inventore amet ut dolores. Repellat ab rerum adipisci perferendis itaque. Amet et sed quasi voluptas illum.',0,0,'1974-11-03 22:44:56'),(56,51,52,'Esse est atque et provident cupiditate ea cum sed. Et sint possimus quibusdam perferendis.',1,0,'1978-07-27 20:35:48'),(57,4,64,'Minima dignissimos similique accusamus ducimus commodi molestiae est delectus. Explicabo architecto est soluta est quaerat aliquid sequi in.',0,1,'1986-12-24 16:40:54'),(58,8,48,'Eligendi consequatur eligendi quo eligendi commodi voluptates. Neque aliquam et ullam et labore.',0,0,'1983-02-06 20:13:43'),(59,13,23,'Molestiae deleniti placeat aut eos. Soluta consequuntur eligendi et qui. Error dignissimos itaque fugit dolorem temporibus iste qui voluptate. Ut recusandae inventore est dolor quisquam vel omnis. Incidunt occaecati incidunt et incidunt voluptas nihil iusto.',0,1,'2018-11-07 02:53:28'),(60,74,99,'Aliquid deleniti qui architecto odio velit. Voluptate optio inventore quae cumque dicta nisi. Aliquam temporibus alias sed inventore expedita dolorum.',1,1,'1996-07-20 10:10:24'),(61,73,70,'Praesentium voluptas quos ducimus. Quis modi et et omnis autem optio mollitia. In suscipit nostrum sit ut rerum qui.',1,1,'2010-12-10 05:54:52'),(62,30,37,'Ullam officia explicabo nesciunt quia. Dignissimos harum dolorem aliquid amet. Voluptas qui commodi doloribus iste quo et.',0,0,'2000-12-20 15:15:03'),(63,97,74,'Quia est magni aperiam quia inventore. Nesciunt beatae in ea vel. Expedita nulla molestias sit minus. Ullam expedita quis nihil nemo. Consequatur dignissimos sed asperiores facere aut esse modi distinctio.',1,0,'1978-04-03 22:42:15'),(64,78,67,'Id culpa sed iure deleniti voluptatibus reprehenderit sint dolorum. In voluptatum voluptas facere sit doloremque numquam. Suscipit ipsa eos earum quo veniam. Impedit voluptas corporis modi autem quisquam et.',0,0,'2018-04-19 09:25:39'),(65,99,96,'Iste qui rem enim sint voluptatum iste sunt. Perspiciatis quod eum accusamus officia illo doloremque.',1,0,'2008-12-29 03:13:22'),(66,81,19,'Aut pariatur molestias aut et maxime. Eius pariatur dolores repellendus corporis dolorem debitis deleniti. Corrupti esse quidem voluptas. Saepe impedit nostrum sit rem aspernatur nesciunt.',1,1,'1997-04-22 09:02:43'),(67,48,84,'Et sint reiciendis iusto quae. Voluptatibus nihil vero quibusdam quod. Est tenetur at facere magni. Distinctio repudiandae ea excepturi hic ipsa molestias dolor.',1,1,'2019-05-27 01:41:41'),(68,75,25,'In unde reiciendis tempore quibusdam rem architecto architecto. Ipsa maiores non nisi ut quia ut exercitationem. Nostrum et in id. Tempora officia est accusantium eligendi.',0,1,'2011-02-22 17:17:43'),(69,97,11,'Corrupti ut aut enim laboriosam. Maiores sed aliquid cumque vitae ducimus doloribus nihil. Voluptatibus quidem sint nisi voluptatem deserunt. Cum dolore eos minus consectetur dolor illum eligendi. Sit et earum qui corrupti excepturi.',0,0,'1970-09-29 03:05:24'),(70,62,79,'Expedita natus nostrum animi ut voluptate et. Suscipit est dolores fugiat facilis. Recusandae eveniet vitae sit voluptatem quia similique tempora accusantium.',1,0,'2016-02-25 04:43:51'),(71,6,94,'Maxime tempora hic nihil hic et earum. Dignissimos vitae quibusdam quia minima quam non. Eligendi consequatur eaque qui deserunt dicta.',0,0,'2014-10-25 14:24:16'),(72,52,75,'Accusantium nisi et quis omnis. Nam animi sint inventore numquam maiores consequatur sint aut. Nulla non maxime dignissimos eaque sit voluptatem. Molestiae sed sit non est.',0,1,'1974-08-13 04:15:52'),(73,21,79,'Enim maiores porro ea dolorum. Delectus vero dolorum aut et sapiente voluptatem et. Voluptatibus tempore est autem voluptas.',1,0,'2003-09-21 21:21:22'),(74,29,10,'Necessitatibus corrupti cum odio. In totam at quam alias delectus. Id possimus soluta quisquam quia voluptatem amet sit. In occaecati repellat repudiandae consequatur quia fugiat veritatis.',0,1,'2003-06-04 05:57:15'),(75,63,83,'Cum laudantium quas ea saepe et est vero. Est quia exercitationem incidunt labore. Eaque nam est eaque ut qui placeat. Officiis quo voluptatum voluptates quas officiis aspernatur qui consequatur. Laborum blanditiis in sit.',1,1,'1986-03-05 22:35:34'),(76,27,85,'Facilis ipsam quis ipsum quaerat sint voluptatem reiciendis. Ratione est veniam nostrum laborum occaecati debitis et. Molestiae voluptas itaque illo quo accusantium.',0,1,'1979-10-25 09:19:19'),(77,44,64,'Minima dolorem et ipsa temporibus. Tempore repellendus distinctio omnis deleniti. Qui aut modi odit est voluptatem.',1,1,'1989-08-08 13:37:44'),(78,87,42,'Voluptatem quo aut doloribus architecto. Dolor corporis nemo deserunt quo aut reprehenderit. Ut saepe illum voluptatem repellendus accusantium. Neque animi maxime aliquam quo unde quibusdam. Sit dolorum sed id alias mollitia quia.',1,0,'2012-02-13 13:09:09'),(79,49,19,'In et cumque tenetur repudiandae pariatur neque aut. Mollitia praesentium facere magnam ab qui rerum. Earum est corporis consequatur et reprehenderit dolorem illum eius. Quo ut nihil numquam iure corporis laborum. Necessitatibus veniam accusantium iure eius est.',1,0,'1970-10-03 15:02:25'),(80,49,84,'Suscipit et molestiae et sint dolorum vel accusamus. Quo nam eveniet sequi nesciunt. Quasi eos necessitatibus amet iure. Aut sapiente omnis voluptas ipsa atque vel.',0,1,'2011-03-29 04:22:45'),(81,75,21,'Qui omnis optio veritatis facere ea. Illum consequatur accusantium dolorem corporis. Et suscipit quia cum aliquam numquam iure magni consequatur.',1,1,'2000-03-27 08:24:00'),(82,79,32,'Quod qui ut sed in qui aspernatur ad. Repudiandae blanditiis et eos et. Quam non aut est ratione. Velit voluptatem qui doloremque esse deleniti nobis minus.',0,0,'1995-10-20 20:15:04'),(83,21,10,'Autem quia ipsa consequatur qui. Rem iste assumenda explicabo omnis. Perferendis dolores incidunt est autem. Ut fugit accusantium beatae. Aperiam quam quibusdam voluptatem impedit doloribus beatae.',0,0,'1978-07-30 11:13:09'),(84,87,5,'Beatae perspiciatis consequatur inventore excepturi sed omnis velit. Labore ipsam qui unde similique. Voluptatem dolorum quia enim neque. Quisquam deserunt sit amet eligendi dolor.',0,1,'2014-08-05 19:23:26'),(85,63,100,'Itaque adipisci autem voluptas quas harum et. Sunt vel nihil quisquam aperiam itaque quis. Saepe voluptatem ut labore vel vel sit. Aut porro aut aperiam autem exercitationem unde.',0,0,'1997-11-18 22:38:14'),(86,10,51,'Aut eum soluta quasi minima tenetur soluta omnis vero. Quia autem quas similique nostrum cumque. Voluptatem ad modi rem asperiores voluptas animi.',1,1,'2011-01-16 09:28:28'),(87,23,63,'Nulla aut dolorem distinctio sint. Ea ab cupiditate soluta accusantium a. Tempora reiciendis quisquam voluptates provident dolore qui molestiae. Qui ducimus voluptates et unde suscipit. In ullam explicabo quo voluptas repellat iure.',1,0,'1980-05-09 12:26:51'),(88,47,42,'Quod fugiat magni voluptatem accusantium. Delectus unde nostrum doloremque. Voluptatibus ab distinctio architecto nihil dolor. Doloremque odit nostrum consectetur voluptates nisi quo.',0,1,'1974-03-16 22:01:21'),(89,72,30,'Illum a animi occaecati eos et. Optio occaecati ut aut consequatur nemo delectus. Est ut nobis magni deserunt recusandae impedit.',1,1,'1973-01-16 02:47:53'),(90,34,81,'Harum fugiat et maxime nihil et beatae illum. Laudantium rerum in atque alias omnis et quos quasi.',0,0,'2020-12-26 17:45:53'),(91,2,65,'Ab iure corrupti quod tempore vel. Voluptate asperiores consectetur id nesciunt itaque. Adipisci assumenda enim ad et rerum.',0,0,'2009-06-10 22:33:26'),(92,19,99,'Sit a dolorum doloribus ut non impedit. Explicabo nesciunt nesciunt unde atque.',1,1,'1978-05-22 05:15:48'),(93,36,84,'Maiores nulla voluptas blanditiis consequuntur neque fugit ab dolor. Ut hic sequi minima nisi repudiandae quibusdam. Rerum voluptatem nostrum praesentium commodi enim. Numquam unde eveniet culpa nemo assumenda.',0,0,'1990-01-01 05:38:07'),(94,11,1,'Aut tenetur voluptas qui aut quod et laborum tenetur. Nisi eius neque accusantium eligendi necessitatibus. Dolorum qui dolores sed nam.',1,1,'2010-11-12 07:27:26'),(95,72,56,'Et iusto aliquam et et. Qui et facilis a. Vel aut amet earum reiciendis alias quas.',0,1,'2008-06-30 12:01:26'),(96,63,49,'Sed id et ratione. Atque sed magnam officiis officia aut. Officiis reprehenderit est modi nobis fugit provident quidem.',1,1,'2012-04-10 22:32:14'),(97,56,33,'Id eos quos aut eum. Doloremque nihil velit et aperiam voluptatem vero qui.',1,0,'1995-02-17 12:43:56'),(98,96,81,'Recusandae ea deleniti quis veritatis facilis ipsam consequatur fugiat. Fugit quod nobis eos et atque et. Cupiditate voluptatum quia ut. Vero sunt veritatis itaque magnam molestiae.',1,1,'1974-10-15 16:10:02'),(99,17,42,'Porro doloremque veniam sed voluptas cumque dolor quod. Blanditiis dolore molestiae perferendis. Vero sunt repudiandae illo quia veritatis rerum ea. Et et aut accusamus ipsa.',1,0,'1974-08-01 09:26:27'),(100,58,64,'Libero eum eos neque. Rerum veritatis recusandae qui quidem sed officiis.',1,1,'2007-10-27 08:39:41');
/*!40000 ALTER TABLE `messages` ENABLE KEYS */;
UNLOCK TABLES;

--
-- Table structure for table `profiles`
--

DROP TABLE IF EXISTS `profiles`;
/*!40101 SET @saved_cs_client     = @@character_set_client */;
/*!50503 SET character_set_client = utf8mb4 */;
CREATE TABLE `profiles` (
  `user_id` int unsigned NOT NULL COMMENT 'Ссылка на пользователя',
  `gender` char(1) CHARACTER SET utf8mb4 COLLATE utf8mb4_unicode_ci NOT NULL COMMENT 'Пол',
  `birthday` date DEFAULT NULL COMMENT 'Дата рождения',
  `city` varchar(130) CHARACTER SET utf8mb4 COLLATE utf8mb4_unicode_ci DEFAULT NULL COMMENT 'Город проживания',
  `country` varchar(130) CHARACTER SET utf8mb4 COLLATE utf8mb4_unicode_ci DEFAULT NULL COMMENT 'Страна проживания',
  `created_at` datetime DEFAULT CURRENT_TIMESTAMP COMMENT 'Время создания строки',
  `updated_at` datetime DEFAULT CURRENT_TIMESTAMP ON UPDATE CURRENT_TIMESTAMP COMMENT 'Время обновления строки',
  PRIMARY KEY (`user_id`),
  CONSTRAINT `FK_profiles_users` FOREIGN KEY (`user_id`) REFERENCES `users` (`id`)
) ENGINE=InnoDB DEFAULT CHARSET=utf8mb4 COLLATE=utf8mb4_unicode_ci COMMENT='Профили';
/*!40101 SET character_set_client = @saved_cs_client */;

--
-- Dumping data for table `profiles`
--

LOCK TABLES `profiles` WRITE;
/*!40000 ALTER TABLE `profiles` DISABLE KEYS */;
INSERT INTO `profiles` VALUES (1,'M','2015-09-30','Keshawnmouth','United States of America','2019-05-03 10:43:36','2021-04-25 22:19:24'),(2,'M','2012-09-03','Mossieland','Guernsey','2019-07-30 05:38:06','2020-02-24 06:45:32'),(3,'F','2011-10-06','East Rebekaport','Saint Barthelemy','2017-03-30 00:34:53','2020-06-05 07:58:26'),(4,'M','2015-04-21','West Jarrod','Bolivia','2016-11-20 00:22:49','2021-04-25 22:19:24'),(5,'M','2019-03-23','Hendersonton','Bosnia and Herzegovina','2015-11-11 23:18:28','2016-08-31 05:03:44'),(6,'M','2020-10-28','North Sonny','Turkey','2017-01-23 02:11:29','2021-04-25 22:19:24'),(7,'F','2018-07-14','Port Amiyaburgh','Thailand','2014-12-06 20:08:55','2018-05-08 14:54:42'),(8,'M','2020-01-19','Abernathyside','Honduras','2020-01-11 01:46:14','2021-04-25 22:19:24'),(9,'F','2015-02-19','Flatleyfurt','Congo','2016-06-24 06:10:05','2016-08-13 12:51:13'),(10,'F','2019-03-02','North Neilhaven','Estonia','2013-06-24 03:56:35','2020-04-08 00:51:50'),(11,'M','2014-12-25','Schusterton','United States of America','2018-10-01 18:43:14','2021-04-25 22:19:24'),(12,'F','2015-07-31','Luettgenbury','Vietnam','2016-06-28 01:31:55','2021-04-25 22:19:24'),(13,'F','2011-05-11','Russelstad','Colombia','2011-04-24 15:57:19','2017-01-26 19:07:38'),(14,'M','2017-06-11','South Kellenburgh','Panama','2013-07-02 10:06:18','2013-12-10 15:12:31'),(15,'F','2019-10-02','Hoppeview','Netherlands Antilles','2014-01-30 23:41:33','2021-04-25 22:19:24'),(16,'M','2013-10-04','Aldenborough','Eritrea','2019-10-12 07:41:57','2021-04-25 22:19:24'),(17,'M','2012-07-19','Brendaville','Ireland','2011-08-14 10:56:22','2021-04-25 22:19:24'),(18,'F','2021-01-16','Pascalemouth','Germany','2014-01-25 17:02:03','2019-07-06 16:26:02'),(19,'M','2012-08-11','West Zachariahborough','Ukraine','2011-05-25 02:20:54','2021-03-24 05:10:31'),(20,'F','2013-08-09','East Johnland','Latvia','2014-09-21 11:16:40','2021-01-04 08:57:48'),(21,'M','2020-08-02','East Bradly','Chad','2011-09-23 12:17:17','2020-07-26 02:13:48'),(22,'F','2018-10-28','Lake Leo','Paraguay','2021-04-16 20:49:20','2021-04-25 22:19:24'),(23,'M','2013-09-06','Kundeport','Eritrea','2015-03-24 09:53:44','2021-04-25 22:19:24'),(24,'M','2014-08-14','East Earlene','Poland','2014-04-21 23:14:51','2021-04-25 22:19:24'),(25,'F','2020-01-03','Herzogmouth','Timor-Leste','2015-02-27 04:42:15','2018-06-20 06:34:00'),(26,'F','2015-07-23','Hudsonchester','Cayman Islands','2011-07-11 12:29:17','2019-08-05 07:32:21'),(27,'F','2014-11-24','Bergechester','Jordan','2018-11-21 00:31:51','2021-04-25 22:19:24'),(28,'M','2015-10-29','South Adolfshire','Zimbabwe','2017-01-07 16:53:55','2021-01-10 04:04:55'),(29,'F','2019-06-24','East Bridgetland','Tokelau','2013-11-21 03:49:04','2017-04-18 05:33:25'),(30,'M','2020-02-28','Klockochester','Christmas Island','2018-08-15 01:35:37','2021-04-25 22:19:24'),(31,'M','2017-06-14','South Melliehaven','British Indian Ocean Territory (Chagos Archipelago)','2014-12-25 01:59:31','2021-04-25 22:19:24'),(32,'M','2016-06-29','South Margie','Saudi Arabia','2018-10-27 23:57:47','2021-04-25 22:19:24'),(33,'M','2018-02-07','Kossshire','Tokelau','2012-01-01 19:59:48','2018-10-04 20:27:00'),(34,'M','2014-06-08','Hudsonport','Venezuela','2015-06-28 22:22:08','2021-04-25 22:19:24'),(35,'F','2017-12-01','Scarlettport','Nigeria','2014-09-09 07:12:39','2021-04-25 22:19:24'),(36,'F','2014-07-31','Port Marianna','Jamaica','2014-01-07 16:43:48','2014-03-07 00:45:54'),(37,'M','2017-06-02','Alvinachester','Sierra Leone','2011-05-01 10:20:47','2011-08-29 18:04:20'),(38,'M','2020-12-13','East Joshport','Ecuador','2016-03-12 20:48:21','2016-12-03 20:05:49'),(39,'F','2019-06-20','Shieldsborough','Pitcairn Islands','2015-11-04 19:32:57','2020-10-14 07:38:43'),(40,'F','2012-03-19','Pedrohaven','Angola','2012-02-08 02:42:42','2018-02-25 03:47:18'),(41,'M','2021-01-06','Schadenstad','Eritrea','2011-10-27 02:34:21','2019-11-13 00:13:27'),(42,'F','2019-07-26','Wisozkshire','Nicaragua','2013-08-13 00:27:09','2018-08-20 20:59:42'),(43,'F','2015-03-03','Caitlynmouth','Syrian Arab Republic','2016-05-30 03:16:56','2016-12-02 23:21:07'),(44,'M','2014-04-19','Cummingsview','Sweden','2012-01-26 12:11:45','2020-05-13 19:10:48'),(45,'F','2014-07-11','North Angelport','Macao','2016-11-19 07:21:45','2021-04-25 22:19:24'),(46,'F','2019-05-13','Port Jeniferport','Croatia','2012-12-14 03:31:06','2016-12-14 00:25:01'),(47,'M','2015-08-26','West Eunicestad','Niue','2015-01-30 02:57:22','2019-02-11 02:16:10'),(48,'F','2018-11-23','Willmsville','Gambia','2021-02-21 14:16:09','2021-04-25 22:19:24'),(49,'F','2017-01-23','South Shirleyfurt','Russian Federation','2014-10-01 22:11:14','2021-04-25 22:19:24'),(50,'M','2018-02-17','Bashirianfort','Puerto Rico','2013-10-17 08:59:23','2018-03-14 16:34:01'),(51,'M','2013-07-22','Schmidtport','Greece','2016-02-04 13:09:50','2016-12-31 20:11:04'),(52,'M','2021-04-10','Labadieberg','Guadeloupe','2019-12-24 22:27:44','2021-04-25 22:19:24'),(53,'F','2012-11-04','Friesenport','Greenland','2014-05-08 10:35:26','2015-01-24 11:14:12'),(54,'M','2011-04-19','Jacobistad','Czech Republic','2018-03-22 12:45:34','2018-04-17 04:04:22'),(55,'M','2014-07-29','Kutchmouth','Tajikistan','2014-06-05 15:47:19','2014-06-28 08:59:29'),(56,'F','2015-01-13','North Wilfred','Rwanda','2017-11-18 15:39:57','2021-04-25 22:19:24'),(57,'M','2021-03-24','Beahanhaven','Paraguay','2018-06-16 00:02:27','2021-04-06 10:48:42'),(58,'F','2015-04-01','Lake Isabellechester','Djibouti','2020-07-23 19:54:01','2021-04-25 22:19:24'),(59,'F','2013-10-07','North Barrettstad','Saint Barthelemy','2011-07-08 19:39:28','2018-12-13 13:18:43'),(60,'F','2019-11-05','North Florencefort','Christmas Island','2014-02-25 19:25:56','2018-09-08 12:05:58'),(61,'F','2016-08-23','Lunachester','Guernsey','2017-02-18 09:34:44','2020-05-05 11:01:24'),(62,'M','2015-09-11','North Rowenamouth','Belize','2011-08-10 12:51:42','2017-06-26 21:17:38'),(63,'F','2014-09-13','North Marilie','Svalbard & Jan Mayen Islands','2019-10-28 20:27:40','2021-04-25 22:19:24'),(64,'F','2020-08-21','Gaylordfurt','Bahrain','2017-05-25 14:42:26','2021-04-25 22:19:24'),(65,'M','2021-04-08','Port Murielhaven','Nepal','2018-01-27 11:01:52','2021-04-25 22:19:24'),(66,'M','2016-01-07','Lake Baylee','Kyrgyz Republic','2012-06-11 22:03:44','2013-04-12 23:04:05'),(67,'F','2020-04-29','Sengerhaven','Rwanda','2011-08-21 04:48:30','2015-01-07 06:08:56'),(68,'M','2020-02-06','Ziemannton','Trinidad and Tobago','2020-01-21 12:41:14','2021-04-15 19:24:34'),(69,'F','2012-08-06','Jackelinefort','Cuba','2012-08-19 19:13:25','2021-04-25 22:19:24'),(70,'M','2020-08-29','Port May','Solomon Islands','2016-09-29 10:08:57','2020-10-29 13:12:34'),(71,'F','2017-05-17','Wisozkberg','Timor-Leste','2015-01-20 14:34:07','2016-05-17 17:52:36'),(72,'M','2018-11-05','Conroyport','Germany','2016-11-02 01:17:17','2018-08-25 21:11:31'),(73,'M','2014-01-22','Boscoside','Guyana','2012-05-07 15:27:42','2014-07-16 01:10:34'),(74,'F','2013-02-17','Kertzmannview','Nicaragua','2018-08-16 15:48:44','2021-04-25 22:19:24'),(75,'F','2020-01-04','East Cicero','Slovakia (Slovak Republic)','2012-05-16 03:54:03','2014-01-06 13:41:35'),(76,'M','2013-11-08','Virgiemouth','United States of America','2020-04-12 08:10:54','2021-04-06 12:54:38'),(77,'F','2016-11-25','Domenickberg','United States of America','2017-03-07 02:10:00','2021-04-25 22:19:24'),(78,'F','2014-11-07','Jacintheview','Timor-Leste','2013-03-06 07:02:37','2021-04-25 22:19:24'),(79,'F','2013-02-22','East Katelynnburgh','Mali','2018-08-25 23:23:53','2021-04-25 22:19:24'),(80,'F','2012-07-08','New Kacey','Gambia','2019-03-24 23:24:02','2021-04-25 22:19:24'),(81,'M','2017-10-18','South Karine','Argentina','2013-11-17 05:40:47','2020-10-02 05:12:51'),(82,'F','2011-04-18','Langhaven','French Southern Territories','2017-01-22 23:09:18','2021-04-25 22:19:24'),(83,'M','2021-04-11','Kobyhaven','Mozambique','2015-12-01 21:33:05','2019-07-17 22:10:27'),(84,'F','2011-07-11','Caspertown','Bhutan','2011-11-15 19:03:42','2015-10-14 16:25:19'),(85,'F','2012-08-23','Damianchester','Falkland Islands (Malvinas)','2020-10-13 08:07:31','2021-04-25 22:19:24'),(86,'M','2013-03-24','Greenfurt','Tonga','2014-10-26 19:03:38','2020-12-01 19:50:27'),(87,'F','2016-06-10','West Imanistad','Bangladesh','2015-06-19 00:23:49','2018-07-28 04:38:16'),(88,'M','2014-10-17','Braunchester','Myanmar','2020-02-10 00:36:03','2020-10-05 14:54:10'),(89,'M','2013-09-22','Idellaton','Greece','2020-11-17 04:26:20','2021-04-25 22:19:24'),(90,'M','2016-01-03','New Lambert','Togo','2020-10-26 04:28:28','2021-04-25 22:19:24'),(91,'M','2017-12-04','Alizechester','Ethiopia','2012-06-24 05:01:06','2018-12-26 23:11:38'),(92,'F','2019-09-22','Morarside','Cocos (Keeling) Islands','2014-01-13 11:00:48','2014-03-01 22:20:10'),(93,'M','2012-03-14','North Pinkburgh','San Marino','2012-12-14 21:21:33','2016-09-26 14:48:01'),(94,'M','2012-05-25','Krisbury','Argentina','2011-07-27 04:52:05','2019-01-12 18:17:21'),(95,'F','2011-09-04','North Felipe','Burkina Faso','2016-05-28 08:59:48','2021-04-25 22:19:24'),(96,'M','2014-02-10','East Elvisside','Cambodia','2018-12-15 03:36:00','2020-12-13 11:57:16'),(97,'F','2020-02-02','Port Allyborough','Ethiopia','2011-08-05 01:37:55','2015-06-29 11:33:15'),(98,'F','2019-06-06','Hoegerchester','Uruguay','2015-10-14 19:18:30','2019-01-08 02:35:45'),(99,'F','2018-02-24','Tonymouth','Azerbaijan','2019-07-29 01:57:43','2021-04-25 22:19:24'),(100,'M','2016-05-30','Kielport','Central African Republic','2020-11-22 03:46:29','2021-04-25 22:19:24');
/*!40000 ALTER TABLE `profiles` ENABLE KEYS */;
UNLOCK TABLES;

--
-- Table structure for table `users`
--

DROP TABLE IF EXISTS `users`;
/*!40101 SET @saved_cs_client     = @@character_set_client */;
/*!50503 SET character_set_client = utf8mb4 */;
CREATE TABLE `users` (
  `id` int unsigned NOT NULL AUTO_INCREMENT COMMENT 'Идентификатор строки',
  `first_name` varchar(100) CHARACTER SET utf8mb4 COLLATE utf8mb4_unicode_ci NOT NULL COMMENT 'Имя пользователя',
  `last_name` varchar(100) CHARACTER SET utf8mb4 COLLATE utf8mb4_unicode_ci NOT NULL COMMENT 'Фамилия пользователя',
  `email` varchar(100) CHARACTER SET utf8mb4 COLLATE utf8mb4_unicode_ci NOT NULL COMMENT 'Почта',
  `phone` varchar(100) CHARACTER SET utf8mb4 COLLATE utf8mb4_unicode_ci NOT NULL COMMENT 'Телефон',
  `created_at` datetime DEFAULT CURRENT_TIMESTAMP COMMENT 'Время создания строки',
  `updated_at` datetime DEFAULT CURRENT_TIMESTAMP ON UPDATE CURRENT_TIMESTAMP COMMENT 'Время обновления строки',
  PRIMARY KEY (`id`),
  UNIQUE KEY `email` (`email`),
  UNIQUE KEY `phone` (`phone`)
) ENGINE=InnoDB AUTO_INCREMENT=101 DEFAULT CHARSET=utf8mb4 COLLATE=utf8mb4_unicode_ci COMMENT='Пользователи';
/*!40101 SET character_set_client = @saved_cs_client */;

--
-- Dumping data for table `users`
--

LOCK TABLES `users` WRITE;
/*!40000 ALTER TABLE `users` DISABLE KEYS */;
INSERT INTO `users` VALUES (1,'Clinton','Braun','uwisoky@example.org','717-969-8804','2016-09-22 06:27:20','2021-04-25 22:10:33'),(2,'Antwon','Nicolas','gbailey@example.net','1-146-289-3623','2015-12-23 21:20:58','2021-04-25 22:10:33'),(3,'Giovanny','Boyer','ccollier@example.net','250-201-7345','2014-03-13 17:12:36','2020-10-25 12:20:03'),(4,'Carmelo','Runolfsdottir','tracey.reichert@example.com','398-580-0281','2017-11-25 22:21:56','2021-04-25 22:10:33'),(5,'Cordia','Hand','bayer.leopold@example.org','1-388-905-9575x4987','2013-07-08 13:03:12','2014-12-06 09:02:38'),(6,'Casimir','Jacobson','kovacek.garret@example.org','339.932.3715','2011-06-27 02:58:30','2020-04-29 01:30:52'),(7,'Therese','Hauck','lwillms@example.org','(115)706-8726x7043','2016-07-02 21:46:14','2021-04-25 22:10:33'),(8,'Velva','Herman','flatley.nina@example.net','722.172.9872','2019-09-18 17:36:38','2021-04-25 22:10:33'),(9,'Arnaldo','Olson','nwitting@example.net','09593548147','2013-11-09 16:51:57','2014-02-23 03:47:10'),(10,'Gussie','Lind','lemke.camilla@example.net','607-403-9231x620','2015-11-23 05:40:11','2019-05-02 21:57:45'),(11,'Raphaelle','Thompson','modesta.howell@example.net','214-377-4922x877','2016-05-01 14:40:01','2020-05-02 01:17:08'),(12,'Salma','Corwin','acummerata@example.org','702-495-7830x219','2015-07-04 00:25:49','2019-04-28 08:59:48'),(13,'Dayana','Lakin','davion.kuvalis@example.net','238-180-9072x702','2016-12-11 20:39:10','2019-06-14 01:42:35'),(14,'Makenna','Mills','lavon.bartoletti@example.com','063-488-5162x0471','2014-12-05 06:10:28','2021-04-25 22:10:33'),(15,'Muhammad','Funk','rolfson.montana@example.com','343-546-2885x6784','2016-07-24 06:03:13','2019-08-02 19:27:41'),(16,'Maurine','Considine','devon90@example.net','(375)442-9313','2013-04-07 06:03:47','2018-02-16 21:10:54'),(17,'Deonte','Toy','ethyl63@example.net','+73(8)1744768272','2018-06-19 23:07:13','2019-01-21 09:32:34'),(18,'Dayne','Ullrich','osbaldo83@example.net','511-642-7801','2018-10-17 11:58:38','2021-04-25 22:10:33'),(19,'Addison','Heidenreich','roberto76@example.com','1-267-164-2159x990','2014-09-13 00:44:02','2015-02-19 22:31:53'),(20,'Derick','Schuster','alehner@example.net','324-631-3946','2015-04-12 11:44:43','2018-08-30 16:59:24'),(21,'Elta','Gleason','mark.wisoky@example.com','1-075-724-3502','2011-04-21 22:18:51','2011-08-25 02:28:09'),(22,'Brooke','Stokes','haven71@example.com','1-536-614-9228x2057','2011-11-29 10:53:52','2019-10-27 11:03:45'),(23,'Krystina','Ortiz','pfannerstill.romaine@example.org','(314)089-1552x1515','2015-06-17 13:52:11','2018-10-10 15:41:02'),(24,'Serenity','Graham','myrtis35@example.com','028-779-5385x641','2017-06-24 02:20:03','2021-04-25 22:10:33'),(25,'Mazie','Ledner','elmira95@example.net','699-987-0107x24932','2017-10-17 06:12:23','2021-04-25 22:10:33'),(26,'Celine','Hand','barrows.jaunita@example.com','+37(0)1164334102','2016-08-31 02:13:22','2021-04-25 22:10:33'),(27,'Mallie','Altenwerth','thora.fritsch@example.org','397.266.9325','2014-07-26 23:18:11','2017-11-20 00:43:24'),(28,'Precious','Prosacco','gregoria.blick@example.com','748.945.9929','2012-01-21 23:46:08','2021-04-25 22:10:33'),(29,'Angelina','Kerluke','stanley.christiansen@example.org','07008589006','2012-04-10 05:56:00','2014-09-09 01:48:34'),(30,'Lizzie','Cole','koepp.eleazar@example.net','(779)750-9130','2019-11-04 19:07:44','2021-01-29 13:38:35'),(31,'Lenny','Crist','slebsack@example.com','1-130-450-7563x0592','2015-01-07 07:09:26','2016-09-07 21:36:46'),(32,'Kristin','Marks','rowe.daniela@example.com','1-780-916-2230','2014-03-17 19:47:28','2020-08-28 16:00:24'),(33,'Janie','Wilkinson','johns.bonita@example.net','457-137-4724x434','2013-07-09 05:07:07','2021-04-25 22:10:33'),(34,'Armand','Bechtelar','leopoldo26@example.com','1-917-986-3818x847','2013-12-20 11:38:55','2019-04-27 16:55:15'),(35,'Amelie','Schmitt','schimmel.janae@example.net','1-541-285-4073','2021-02-28 23:55:21','2021-04-25 22:10:33'),(36,'Jacinthe','Swift','patricia78@example.net','+00(2)6921366752','2020-12-23 21:17:25','2021-04-25 22:10:33'),(37,'Raheem','Kuhic','uhartmann@example.com','09975151038','2019-01-08 14:06:25','2021-04-25 22:10:33'),(38,'Joey','Cartwright','spfannerstill@example.com','759.089.3990x40132','2013-06-23 23:26:06','2020-07-26 20:50:30'),(39,'Ryann','Lindgren','adela92@example.net','875.976.4857x840','2014-10-22 22:40:40','2017-02-13 13:40:47'),(40,'Eric','Jast','randal75@example.net','703.096.7240x48581','2013-08-14 18:40:23','2020-10-20 14:40:54'),(41,'Otho','Schimmel','maggio.jeffry@example.com','251-994-0085x73807','2013-01-04 12:10:35','2021-04-25 22:10:33'),(42,'Madelynn','Wilderman','elbert24@example.net','366.409.3309','2017-09-09 19:45:38','2021-04-25 22:10:33'),(43,'Manley','Crooks','xpurdy@example.net','(948)128-5557','2018-04-01 07:01:33','2021-04-25 22:10:33'),(44,'Reymundo','Nitzsche','ajohnston@example.net','(730)780-6573','2014-04-19 05:17:31','2015-09-17 21:54:09'),(45,'Daniela','Franecki','wbogisich@example.net','666.785.1777','2013-12-01 08:30:29','2018-04-13 23:00:27'),(46,'Jermey','Koss','stamm.stephon@example.org','250.252.1750','2011-05-08 18:11:14','2014-02-23 17:16:30'),(47,'Tiara','Lind','davis.mertie@example.com','+56(4)7088237722','2014-12-06 03:46:16','2016-02-04 23:17:18'),(48,'Ulices','Gleichner','monserrat.hodkiewicz@example.net','890.560.9733x139','2015-12-07 15:16:56','2018-09-07 14:25:25'),(49,'Kevon','Reilly','rutherford.liza@example.org','+22(3)0971573775','2017-01-21 14:39:42','2021-04-25 22:10:33'),(50,'Stella','Powlowski','mittie05@example.org','037.760.8173x455','2018-04-22 21:46:29','2021-04-25 22:10:33'),(51,'Carolina','Brekke','eino.herman@example.com','482-682-0398x93298','2015-05-04 13:08:20','2021-04-25 22:10:33'),(52,'Mara','Leannon','solson@example.com','+70(0)9107939956','2019-09-07 10:45:34','2021-04-25 22:10:33'),(53,'Osborne','Dibbert','green41@example.net','01641503873','2020-05-24 17:58:15','2021-04-25 22:10:33'),(54,'Marcos','Murphy','mertz.valentin@example.org','373-939-9014','2015-01-23 11:20:26','2021-04-25 22:10:33'),(55,'Nakia','Cronin','veum.trisha@example.org','980-117-1716','2013-02-05 22:28:58','2020-01-04 15:26:49'),(56,'Javier','Deckow','bgreenfelder@example.com','(250)712-6536','2020-12-29 19:39:18','2021-04-25 22:10:33'),(57,'Brook','Torphy','odurgan@example.org','1-816-989-2308','2013-11-13 14:05:03','2021-04-25 22:10:33'),(58,'Henderson','Doyle','hjones@example.net','383.796.1576','2020-02-10 17:33:14','2021-04-25 22:10:33'),(59,'Stanford','Rippin','roob.otis@example.net','1-476-443-1436','2013-07-19 14:14:25','2017-05-03 05:17:02'),(60,'Toy','Schinner','rutherford.daphney@example.net','09613587059','2016-01-07 16:45:02','2020-07-05 21:32:15'),(61,'Ozella','Simonis','everette.collier@example.net','+45(5)0141993568','2017-09-12 21:56:03','2021-04-25 22:10:33'),(62,'Cecilia','Klocko','micaela.kunde@example.com','873.044.3812','2018-07-18 13:29:25','2021-04-25 22:10:33'),(63,'Mae','Konopelski','twalsh@example.com','1-638-150-6510x793','2017-05-07 21:56:07','2021-04-06 04:36:02'),(64,'Narciso','Paucek','psimonis@example.net','(207)815-7672x043','2013-11-29 13:29:38','2021-04-25 22:10:33'),(65,'Helen','Hayes','greenfelder.elvis@example.org','038-302-9380x9252','2018-08-25 00:48:35','2021-04-25 22:10:33'),(66,'Donato','Davis','nleffler@example.org','09745026074','2014-02-22 14:00:38','2017-02-19 05:52:55'),(67,'Winifred','White','ulices44@example.org','(055)551-8725x7145','2013-09-11 07:17:16','2019-12-16 16:27:31'),(68,'Kyler','Johns','satterfield.kasandra@example.com','(655)241-7902x2273','2014-10-26 05:16:07','2021-04-25 22:10:33'),(69,'Chris','Schoen','omaggio@example.org','+31(1)5702816042','2015-11-10 22:16:29','2021-04-25 22:10:33'),(70,'Lizeth','Kohler','hilll.arturo@example.net','(810)158-7886x2741','2015-07-28 22:11:44','2019-03-28 04:55:22'),(71,'Cristobal','Pouros','reichel.kurtis@example.net','1-791-967-4226x875','2014-06-06 08:37:33','2020-04-16 13:39:20'),(72,'Taurean','Prosacco','roxanne01@example.net','+82(6)4844611002','2019-09-21 04:32:34','2021-04-25 22:10:33'),(73,'General','Berge','austin.hilll@example.com','(432)089-8302x1023','2019-03-29 09:26:26','2021-04-25 22:10:33'),(74,'Anthony','Rodriguez','tavares18@example.net','1-038-857-8181x387','2012-05-27 03:52:47','2016-04-05 21:32:21'),(75,'Kylee','Sanford','zhomenick@example.org','01414532947','2015-10-15 20:11:41','2021-04-25 22:10:33'),(76,'Payton','Ankunding','runte.jakob@example.net','771-164-1346x2202','2020-05-24 17:46:55','2021-04-25 22:10:33'),(77,'Micah','Grimes','pacocha.margaretta@example.org','(329)224-7492','2016-04-29 14:02:19','2017-03-31 14:54:17'),(78,'Davion','Abernathy','cartwright.hans@example.com','726-900-3194x8195','2013-09-02 18:21:42','2014-02-03 05:28:54'),(79,'Zoe','Ondricka','alanna.herzog@example.net','048.246.7457','2018-10-08 06:18:11','2021-04-25 22:10:33'),(80,'Elinor','Reilly','kattie.waelchi@example.com','392-023-9850x759','2014-05-30 17:46:15','2018-06-06 20:28:02'),(81,'Deanna','Wiza','ondricka.eldon@example.org','865-910-8979x1484','2013-04-03 12:19:15','2014-01-29 03:33:14'),(82,'Foster','Goldner','marvin.ramiro@example.org','210.460.5973x88920','2012-02-25 03:56:24','2014-02-27 10:00:26'),(83,'Delilah','Walter','marjory22@example.org','(304)859-3581x759','2014-02-20 04:06:55','2021-04-25 22:10:33'),(84,'Ardella','Johns','enos.bailey@example.org','(689)049-6073x396','2016-01-07 01:46:03','2020-12-27 17:03:19'),(85,'Nicola','O\'Conner','fhowe@example.com','1-991-545-1596x0083','2018-02-09 01:33:26','2021-04-25 22:10:33'),(86,'Beaulah','Denesik','velda64@example.com','154-296-5585','2013-03-01 02:17:01','2021-04-25 22:10:33'),(87,'Lucie','Von','fmcclure@example.com','03847622980','2020-11-17 17:38:54','2021-04-25 22:10:33'),(88,'Daija','Goldner','effertz.maryjane@example.org','1-532-133-3885','2011-05-31 14:44:38','2014-07-23 04:27:28'),(89,'Earnest','Nienow','bklein@example.org','(179)793-3306x3947','2015-11-26 02:10:04','2018-10-02 09:01:15'),(90,'Bonnie','Howe','bhermiston@example.net','04517625727','2017-11-20 15:06:20','2021-04-25 22:10:33'),(91,'Chaz','Konopelski','kayli.schoen@example.com','427-986-9783x450','2015-11-01 08:04:50','2021-04-25 22:10:33'),(92,'Melvin','Johnson','bryana.schinner@example.com','424.227.2048x221','2020-08-25 09:32:43','2021-04-25 22:10:33'),(93,'Linnie','Corwin','deshaun.luettgen@example.org','1-280-628-2998','2012-07-19 00:47:36','2018-02-07 07:01:05'),(94,'Noe','Ward','cassin.craig@example.org','+05(5)1601190806','2020-10-21 13:33:17','2021-04-25 22:10:33'),(95,'Dion','Bruen','roberbrunner@example.org','1-257-493-7968x2863','2019-03-29 05:03:59','2021-04-25 22:10:33'),(96,'Marquise','Lockman','ethyl38@example.net','104.387.6219x629','2015-01-23 20:34:48','2016-08-03 18:19:42'),(97,'Jennifer','Steuber','tristin32@example.org','(846)179-3580x584','2012-10-01 14:53:48','2016-05-11 21:13:11'),(98,'Gunner','McKenzie','raymond.pollich@example.org','(729)428-6189','2013-07-03 13:18:51','2021-04-25 22:10:33'),(99,'Rylee','Collier','vswaniawski@example.org','470.472.8229x1174','2018-05-16 20:49:41','2021-04-25 22:10:33'),(100,'Austen','Reynolds','hintz.estel@example.org','03129782513','2016-07-07 13:17:07','2021-04-25 22:10:33');
/*!40000 ALTER TABLE `users` ENABLE KEYS */;
UNLOCK TABLES;
/*!40103 SET TIME_ZONE=@OLD_TIME_ZONE */;

/*!40101 SET SQL_MODE=@OLD_SQL_MODE */;
/*!40014 SET FOREIGN_KEY_CHECKS=@OLD_FOREIGN_KEY_CHECKS */;
/*!40014 SET UNIQUE_CHECKS=@OLD_UNIQUE_CHECKS */;
/*!40101 SET CHARACTER_SET_CLIENT=@OLD_CHARACTER_SET_CLIENT */;
/*!40101 SET CHARACTER_SET_RESULTS=@OLD_CHARACTER_SET_RESULTS */;
/*!40101 SET COLLATION_CONNECTION=@OLD_COLLATION_CONNECTION */;
/*!40111 SET SQL_NOTES=@OLD_SQL_NOTES */;

-- Dump completed on 2021-04-26  0:18:46
